playerid,version_date,name,age,team,drc_warp,drc_plus,drc_sd,drc_raa,brr,fraa,g,pa,ab,r,h,b1,b2,b3,hr,rbi,sb,cs,bb,so,hbp,tb,avg,obp,slg,ops,iso,babip,salary
834,36800,Todd Helton,26,COL,9.6,169,8,70.5,0.7,24,160,697,580,138,216,113,59,2,42,147,5,3,103,61,4,405,0.372,0.463,0.698,1.162,0.326,0.357,1300000
1292,36800,Alex Rodriguez,24,SEA,9.3,158,8,57.6,5.3,5.6,148,672,554,134,175,98,34,2,41,132,15,4,100,121,7,336,0.316,0.42,0.606,1.026,0.291,0.333,4362500
436,36800,Barry Bonds,35,SFN,8.9,183,9,73.4,2,5,143,607,480,129,147,66,28,4,49,106,11,3,117,77,3,330,0.306,0.44,0.688,1.127,0.381,0.271,10700000
879,36800,Troy Glaus,23,ANA,8.5,152,8,52.6,1.7,12.9,159,678,563,120,160,75,37,1,47,102,14,11,112,163,2,340,0.284,0.404,0.604,1.008,0.32,0.319,275000
1321,36800,Nomar Garciaparra,26,BOS,7.7,153,10,47.2,-2.5,10.5,140,599,529,104,197,122,51,3,21,96,5,2,61,50,2,317,0.372,0.434,0.599,1.033,0.227,0.378,3700000
875,36800,Darin Erstad,26,ANA,7.6,129,10,34.6,4.4,25.1,157,747,676,121,240,170,39,6,25,100,28,8,64,82,1,366,0.355,0.409,0.541,0.951,0.186,0.375,2500000
1583,36800,Jason Giambi,29,OAK,7.4,181,11,78,-3.7,-2.4,152,664,510,108,170,97,29,1,43,137,2,0,137,96,9,330,0.333,0.476,0.647,1.123,0.314,0.335,3103333
19,36800,Richard Hidalgo,25,HOU,7.2,143,9,42.1,-1.8,16.1,153,644,558,118,175,86,42,3,44,122,13,6,56,110,21,355,0.314,0.391,0.636,1.028,0.323,0.317,#N/A
86,36800,Andruw Jones,23,ATL,7,124,7,28.6,4.1,17.4,161,729,656,122,199,121,36,6,36,104,21,6,59,100,9,355,0.303,0.366,0.541,0.907,0.238,0.31,3700000
4,36800,Jeff Bagwell,32,HOU,7,156,10,59.9,0.6,6.1,159,719,590,152,183,98,37,1,47,132,9,6,107,116,15,363,0.31,0.424,0.615,1.039,0.305,0.313,6500000
453,36800,Jeff Kent,32,SFN,6.9,152,6,53.8,-3.4,3.6,159,695,587,114,196,115,41,7,33,125,12,9,90,107,9,350,0.334,0.424,0.596,1.021,0.262,0.357,6000000
650,36800,Bobby Abreu,26,PHI,6.7,137,7,39,-1.4,21.2,154,680,576,103,182,105,42,10,25,79,28,8,100,116,1,319,0.316,0.416,0.554,0.97,0.238,0.358,2933000
574,36800,Mike Piazza,31,NYN,6.7,154,8,43.7,-3,4.8,136,545,482,90,156,92,26,0,38,113,4,2,58,69,3,296,0.324,0.398,0.614,1.012,0.29,0.313,12071429
177,36800,Jim Edmonds,30,SLN,6.6,145,7,43.7,1.7,4.1,152,643,525,129,155,88,25,0,42,108,10,3,103,167,6,306,0.295,0.411,0.583,0.994,0.288,0.349,4500000
775,36800,Ken Griffey,30,CIN,6.3,133,8,32.6,-1.7,14.7,145,631,520,100,141,76,22,3,40,118,6,4,94,117,9,289,0.271,0.387,0.556,0.942,0.285,0.272,#N/A
538,36800,Edgardo Alfonzo,26,NYN,6.2,148,7,47.3,1.5,-1.4,150,650,544,109,176,109,40,2,25,94,3,2,95,70,5,295,0.324,0.425,0.542,0.967,0.219,0.332,4000000
404,36800,Vladimir Guerrero,25,MON,6.2,159,8,56.3,-3,0.1,154,641,571,101,197,114,28,11,44,123,9,10,58,74,8,379,0.345,0.41,0.664,1.074,0.319,0.335,3500000
981,36800,Carlos Delgado,28,TOR,6.1,170,8,72.5,-6.9,-8,162,711,569,115,196,97,57,1,41,137,0,1,123,104,15,378,0.344,0.47,0.664,1.134,0.32,0.362,6600000
1562,36800,Frank Thomas,32,CHA,6.1,163,9,65.6,-6.1,-2.4,159,707,582,115,191,104,44,0,43,143,1,3,112,94,5,364,0.328,0.436,0.625,1.061,0.297,0.327,7100000
717,36800,Brian Giles,29,PIT,5.9,143,9,45.4,1.6,-3,156,688,559,111,176,97,37,7,35,123,6,0,114,69,7,332,0.315,0.432,0.594,1.026,0.279,0.305,1616667
85,36800,Chipper Jones,28,ATL,5.8,140,8,42.4,3.8,-9.2,156,686,579,118,180,105,38,1,36,111,14,7,95,64,2,328,0.311,0.404,0.566,0.97,0.256,0.294,4750000
1564,36800,Jose Valentin,30,CHA,5.7,100,10,4.5,5.8,20.9,144,648,568,107,155,87,37,6,25,92,19,2,59,106,4,279,0.273,0.343,0.491,0.835,0.218,0.295,1320000
271,36800,Sammy Sosa,31,CHN,5.6,150,6,53,-5.1,-1.9,156,705,604,106,193,104,38,1,50,138,7,4,91,168,2,383,0.32,0.406,0.634,1.04,0.315,0.363,11000000
1423,36800,Bobby Higginson,29,DET,5.6,126,8,28,3,12.7,154,678,597,104,179,101,44,4,30,102,15,3,74,99,2,321,0.3,0.377,0.538,0.915,0.238,0.316,4425000
3,36800,Brad Ausmus,31,DET,5.5,89,10,-5.1,0.9,32.9,150,604,523,75,139,104,25,3,7,51,11,5,69,79,6,191,0.266,0.357,0.365,0.722,0.099,0.301,4000000
106,36800,Gary Sheffield,31,LAN,5.4,167,11,60.1,-2.8,-14.3,141,612,501,105,163,93,24,3,43,109,4,6,101,71,4,322,0.325,0.438,0.643,1.081,0.317,0.305,9916667
92,36800,Javy Lopez,29,ATL,5.2,105,11,6.9,-3.5,26,134,525,481,60,138,92,21,1,24,89,0,0,35,80,4,233,0.287,0.337,0.484,0.822,0.198,0.298,6250000
1163,36800,Edgar Martinez,37,SEA,5.1,155,11,54.4,-7.7,0.1,153,665,556,100,180,112,31,0,37,145,3,0,96,95,5,322,0.324,0.423,0.579,1.002,0.255,0.331,5400000
964,36800,Miguel Tejada,26,OAK,5,113,8,16.8,3.7,2.3,160,681,607,105,167,104,32,1,30,115,6,0,66,102,4,291,0.275,0.349,0.479,0.828,0.204,0.287,290000
1310,36800,Johnny Damon,26,KCA,5,115,8,19.4,11.2,3.1,159,741,655,136,214,146,42,10,16,88,46,9,65,60,1,324,0.327,0.382,0.495,0.877,0.168,0.335,4000000
1015,36800,Shannon Stewart,26,TOR,4.8,115,9,17.1,3,15.9,136,631,583,107,186,117,43,5,21,69,20,5,37,79,6,302,0.319,0.363,0.518,0.882,0.199,0.339,683333
1342,36800,Manny Ramirez,28,CLE,4.7,178,9,60.7,-2.8,-16.7,118,532,439,92,154,80,34,2,38,122,1,1,86,117,3,306,0.351,0.457,0.697,1.154,0.346,0.403,4350000
905,36800,Tim Salmon,31,ANA,4.7,136,10,37.6,-6.5,7.5,158,680,568,108,165,93,36,2,34,97,0,2,104,139,6,307,0.29,0.404,0.54,0.945,0.25,0.33,6000000
1602,36800,Jorge Posada,28,NYA,4.7,134,10,33.2,-6.3,-6.6,151,624,505,92,145,81,35,1,28,86,2,2,107,151,8,266,0.287,0.417,0.527,0.943,0.24,0.355,1250000
297,36800,Luis Gonzalez,32,ARI,4.6,129,8,33.5,-0.5,-0.8,162,722,618,106,192,112,47,2,31,114,2,4,78,85,12,336,0.311,0.392,0.544,0.935,0.233,0.313,#N/A
926,36800,Jermaine Dye,26,KCA,4.5,130,8,32.5,0.9,1.9,157,679,601,107,193,117,41,2,33,118,0,1,69,99,3,337,0.321,0.39,0.561,0.951,0.24,0.337,2300000
139,36800,Geoff Jenkins,25,MIL,4.4,127,11,24.2,-1.2,10.8,135,564,512,100,155,81,36,4,34,94,11,1,33,135,15,301,0.303,0.36,0.588,0.948,0.285,0.349,282000
296,36800,Steve Finley,35,ARI,4.3,124,10,24.7,4.3,-4.1,152,623,539,100,151,84,27,5,35,96,12,6,65,87,8,293,0.28,0.361,0.544,0.904,0.263,0.272,5375000
207,36800,Scott Rolen,25,PHI,4.3,125,8,21.8,2.1,2.8,128,541,483,88,144,80,32,6,26,89,8,1,51,99,5,266,0.298,0.37,0.551,0.92,0.253,0.328,2750000
1142,36800,Mike Cameron,27,SEA,4.3,108,10,11,4.1,8.5,155,643,543,96,145,94,28,4,19,78,24,7,78,133,9,238,0.267,0.365,0.438,0.803,0.171,0.317,2225000
636,36800,Phil Nevin,29,SDN,4.2,124,10,24.1,-1.4,0.9,143,605,538,87,163,97,34,1,31,107,2,0,59,121,4,292,0.303,0.374,0.543,0.916,0.24,0.338,875000
1260,36800,Carl Everett,29,BOS,4.2,134,10,30,-0.9,-3.2,137,561,496,82,149,79,32,4,34,108,11,4,52,113,8,291,0.3,0.373,0.587,0.959,0.286,0.325,5000333
17361,36800,Mark McGwire,36,SLN,4.1,191,13,42,-4.4,2.6,89,321,236,60,72,32,8,0,32,73,1,0,76,78,7,176,0.305,0.483,0.746,1.229,0.441,0.313,9333333
1622,36800,Bernie Williams,31,NYA,4,130,8,28.9,-0.5,-6.3,141,616,537,108,165,92,37,6,30,121,13,5,71,84,5,304,0.307,0.391,0.566,0.957,0.259,0.317,12357143
1291,36800,Ivan Rodriguez,28,TEX,3.9,136,9,21.6,-1.5,2.5,91,389,363,66,126,68,27,4,27,83,5,5,19,48,1,242,0.347,0.375,0.667,1.042,0.32,0.337,8200000
1401,36800,Mike Sweeney,26,KCA,3.9,132,7,36.1,1.8,-4.5,159,717,618,105,206,147,30,0,29,144,8,3,71,67,15,323,0.333,0.407,0.523,0.93,0.189,0.331,2250000
455,36800,Kenny Lofton,33,CLE,3.7,100,8,4.1,8.4,5.5,137,640,543,107,151,108,23,5,15,73,30,7,79,72,4,229,0.278,0.369,0.422,0.791,0.144,0.293,7500000
1127,36800,Jim Thome,29,CLE,3.7,126,11,29.1,-0.4,3.2,158,684,557,106,150,79,33,1,37,106,1,0,118,171,4,296,0.269,0.398,0.531,0.929,0.262,0.319,7875000
1070,36800,Greg Vaughn,34,TBA,3.7,123,9,20.6,6.5,2.2,127,545,461,83,117,61,27,1,28,74,8,1,80,128,2,230,0.254,0.365,0.499,0.864,0.245,0.29,7750000
539,36800,Roberto Alomar,32,CLE,3.7,107,10,10.9,0.8,6.7,155,697,610,111,189,128,40,2,19,89,39,4,64,82,6,290,0.31,0.378,0.475,0.853,0.166,0.33,7250000
1615,36800,Robin Ventura,32,NYN,3.6,109,12,10,-1.2,10.3,141,551,469,61,109,61,23,1,24,84,3,5,75,91,2,206,0.232,0.338,0.439,0.777,0.207,0.237,8000000
1081,36800,Ellis Burks,35,SFN,3.6,149,11,33.4,-2.7,-1.4,122,458,393,74,135,85,21,5,24,96,5,1,56,49,1,238,0.344,0.419,0.606,1.025,0.262,0.338,5500000
1282,36800,Rafael Palmeiro,35,TEX,3.5,137,10,39.2,-1.8,-7.2,158,678,565,102,163,92,29,3,39,120,2,1,103,77,3,315,0.288,0.397,0.558,0.954,0.269,0.272,9000000
428,36800,Jose Vidro,25,MON,3.5,119,10,21.9,-1.8,-2.5,153,663,606,101,200,123,51,2,24,97,5,4,49,69,2,327,0.33,0.379,0.54,0.918,0.21,0.339,340000
1351,36800,Jason Varitek,28,BOS,3.4,91,11,-3.1,-2.5,16.4,139,519,448,55,111,69,31,1,10,65,1,1,60,84,6,174,0.248,0.342,0.388,0.73,0.141,0.282,375000
1589,36800,Derek Jeter,26,NYA,3.4,124,7,26.6,7.6,-28.9,148,679,593,119,201,151,31,4,15,73,22,4,68,99,12,285,0.339,0.416,0.481,0.896,0.142,0.386,10000000
1550,36800,Magglio Ordonez,26,CHA,3.4,125,11,27.1,3.5,-7.8,153,665,588,102,185,116,34,3,32,126,18,4,60,64,2,321,0.315,0.371,0.546,0.917,0.231,0.302,450000
162,36800,Eric Young,33,CHN,3.2,93,7,-2.7,7.9,9,153,690,607,98,180,132,40,2,6,47,54,7,63,39,8,242,0.297,0.367,0.399,0.766,0.102,0.307,4500000
1147,36800,Jeff Cirillo,30,COL,3.2,104,8,8.4,-0.7,2.4,157,684,598,111,195,129,53,2,11,115,3,4,67,72,6,285,0.326,0.392,0.477,0.869,0.151,0.349,3600000
923,36800,Eric Chavez,22,OAK,3.2,114,9,14.8,-0.2,-0.5,153,569,501,89,139,86,23,4,26,86,2,2,62,94,1,248,0.277,0.355,0.495,0.85,0.218,0.293,240000
724,36800,Jason Kendall,26,PIT,3.2,122,10,25.2,5,-30.4,152,678,579,112,185,132,33,6,14,58,22,12,79,79,15,272,0.32,0.412,0.47,0.882,0.15,0.349,2250000
1094,36800,Travis Fryman,31,CLE,3,123,9,24.7,-5.1,-10.7,155,658,574,93,184,120,38,4,22,106,1,1,73,111,1,296,0.321,0.392,0.516,0.908,0.195,0.359,5550000
340,36800,Adrian Beltre,21,LAN,3,107,10,9,-5.7,8.4,138,575,510,71,148,96,30,2,20,85,12,5,56,80,2,242,0.29,0.36,0.475,0.835,0.184,0.309,1000000
251,36800,Todd Hundley,31,LAN,3,138,10,20.8,-1.6,-4.6,90,353,299,49,85,45,16,0,24,70,0,1,45,69,2,173,0.284,0.375,0.579,0.954,0.294,0.288,6125000
10650,36800,Damian Miller,30,ARI,3,95,10,-0.3,1,13,100,364,324,43,89,55,24,0,10,44,2,2,36,74,1,143,0.275,0.347,0.441,0.788,0.167,0.326,300000
1171,36800,John Olerud,31,SEA,3,115,7,18.1,-2.2,8.2,159,683,565,84,161,102,45,0,14,103,0,2,102,96,4,248,0.285,0.392,0.439,0.831,0.154,0.316,6350000
1192,36800,Tony Batista,26,TOR,3,107,10,10.5,-4.4,1.8,154,664,620,96,163,88,32,2,41,114,5,4,35,121,6,322,0.263,0.307,0.519,0.827,0.256,0.265,1400000
174,36800,J.D. Drew,24,SLN,2.9,112,9,11,1.4,7.4,135,486,407,73,120,83,17,2,18,57,17,9,67,99,6,195,0.295,0.401,0.479,0.88,0.184,0.351,2750000
615,36800,Ron Gant,35,PHI,2.8,114,11,9.8,1.3,9.4,89,384,343,54,87,49,16,2,20,38,5,4,36,73,1,167,0.254,0.324,0.487,0.811,0.233,0.265,5040000
547,36800,Jeromy Burnitz,31,MIL,2.8,114,6,17.2,-0.5,-0.5,161,686,564,91,131,69,29,2,31,98,6,4,99,121,14,257,0.232,0.356,0.456,0.811,0.223,0.238,4462500
628,36800,Ryan Klesko,29,SDN,2.8,131,10,28.6,-0.6,-5.4,145,590,494,88,140,79,33,2,26,92,23,7,91,81,1,255,0.283,0.393,0.516,0.909,0.233,0.292,5750000
1395,36800,Joe Randa,30,KCA,2.7,97,8,1.2,-1.3,5.8,158,665,612,88,186,138,29,4,15,106,6,3,36,66,6,268,0.304,0.343,0.438,0.781,0.134,0.316,1000000
300,36800,Mark Grace,36,CHN,2.7,114,8,15.8,-0.6,7,143,621,510,75,143,90,41,1,11,82,1,2,95,28,6,219,0.28,0.394,0.429,0.824,0.149,0.276,5300000
73,36800,Rafael Furcal,22,ATL,2.7,92,7,-2.6,8.4,0.3,131,542,455,87,134,106,20,4,4,37,40,14,73,80,3,174,0.295,0.394,0.382,0.776,0.088,0.349,200000
939,36800,David Justice,34,NYA,2.7,136,9,17.5,-1.3,6.3,78,317,275,43,84,47,17,0,20,60,1,0,39,42,1,161,0.305,0.391,0.585,0.977,0.28,0.298,7000000
1597,36800,Raul Mondesi,29,TOR,2.6,112,10,9.8,4.2,5.9,96,426,388,78,105,57,22,2,24,67,22,6,32,73,3,203,0.271,0.329,0.523,0.852,0.253,0.276,10000000
925,36800,Ray Durham,28,CHA,2.6,99,8,3.1,3.5,0,151,709,614,121,172,111,35,9,17,75,25,13,75,105,7,276,0.28,0.361,0.45,0.81,0.169,0.31,4900000
205,36800,Edgar Renteria,23,SLN,2.6,94,8,-1.7,0.9,-1.2,150,643,562,94,156,107,32,1,16,76,21,13,63,77,1,238,0.278,0.346,0.423,0.77,0.146,0.293,2250000
827,36800,Bobby Estalella,25,SFN,2.6,106,8,5.4,2.5,1.4,106,361,299,45,70,31,22,3,14,53,3,0,57,92,2,140,0.234,0.357,0.468,0.826,0.234,0.286,215000
221,36800,Moises Alou,33,HOU,2.6,152,12,40,-3.2,-20.7,126,517,454,82,161,101,28,2,30,114,3,3,52,45,2,283,0.355,0.416,0.623,1.039,0.269,0.338,5250000
1614,36800,John Vander Wal,34,PIT,2.5,133,11,23.8,0.6,-5.7,134,461,384,74,115,62,29,0,24,94,11,2,72,92,2,216,0.299,0.41,0.563,0.972,0.263,0.336,875000
838,36800,Gabe Kapler,24,TEX,2.5,105,10,6.6,0.2,5.3,116,491,444,59,134,87,32,1,14,66,8,4,42,57,0,210,0.302,0.36,0.473,0.833,0.171,0.319,305000
1543,36800,Carlos Lee,24,CHA,2.5,102,9,5.7,6.9,-0.5,152,619,572,107,172,117,29,2,24,92,13,4,38,94,3,277,0.301,0.345,0.484,0.829,0.184,0.322,275000
736,36800,Pokey Reese,27,CIN,2.5,82,7,-11.1,6,14.3,135,577,518,76,132,94,20,6,12,46,29,3,45,86,6,200,0.255,0.319,0.386,0.705,0.131,0.282,1950000
966,36800,Randy Velarde,37,OAK,2.5,98,11,1.6,1.1,7.4,122,546,485,82,135,100,23,0,12,41,9,3,54,95,3,194,0.278,0.354,0.4,0.754,0.122,0.325,3050000
16880,36800,Will Clark,36,BAL,2.5,139,11,18.5,0.1,4.3,79,310,256,49,77,52,15,1,9,28,4,2,47,45,4,121,0.301,0.413,0.473,0.886,0.172,0.332,6000000
1487,36800,Corey Koskie,27,MIN,2.4,105,7,7.5,1.3,-2.5,146,559,474,79,142,97,32,4,9,65,5,4,77,104,4,209,0.3,0.4,0.441,0.841,0.141,0.365,245000
1413,36800,Damion Easley,30,DET,2.4,94,8,-1,-0.2,11.2,126,535,464,76,120,77,27,2,14,58,13,4,55,79,11,193,0.259,0.35,0.416,0.766,0.157,0.285,3875000
936,36800,Ramon Hernandez,24,OAK,2.4,80,9,-10.3,1.3,11,143,479,419,52,101,68,19,0,14,62,1,0,38,64,7,162,0.241,0.311,0.387,0.698,0.146,0.251,211000
1317,36800,Cliff Floyd,27,FLO,2.4,126,11,20.1,2.4,-8.3,121,487,420,75,126,74,30,0,22,91,24,3,50,82,8,222,0.3,0.378,0.529,0.906,0.229,0.32,4500000
760,36800,Sean Casey,25,CIN,2.4,116,8,15.1,-2.4,6.9,133,545,480,69,151,96,33,2,20,85,1,0,52,80,7,248,0.315,0.385,0.517,0.902,0.202,0.339,400000
862,36800,Todd Zeile,34,NYN,2.4,109,10,11.3,-2.8,10.2,153,623,544,67,146,85,36,3,22,79,3,4,74,85,2,254,0.268,0.356,0.467,0.823,0.199,0.282,4333333
629,36800,Mark Kotsay,24,FLO,2.4,94,9,-0.9,2.5,11.7,152,578,530,87,158,110,31,5,12,57,19,9,42,46,0,235,0.298,0.347,0.443,0.791,0.145,0.307,324000
511,36800,Mike Lowell,26,FLO,2.4,109,9,10.6,-3.8,-2.4,140,582,508,73,137,77,38,0,22,91,4,0,54,75,9,241,0.27,0.344,0.474,0.818,0.205,0.273,255000
1426,36800,Damian Jackson,26,SDN,2.3,83,7,-9.2,1.6,11.4,138,541,470,68,120,81,27,6,6,37,28,6,62,108,3,177,0.255,0.345,0.377,0.721,0.121,0.318,250000
893,36800,Bengie Molina,25,ANA,2.3,88,10,-5,-0.1,4.3,130,513,473,59,133,97,20,2,14,71,1,0,23,33,6,199,0.281,0.318,0.421,0.739,0.14,0.275,210000
846,36800,Jay Payton,27,NYN,2.3,97,10,1.2,1.1,4.3,149,529,488,63,142,101,23,1,17,62,5,11,30,60,3,218,0.291,0.331,0.447,0.778,0.156,0.298,215000
496,36800,Luis Castillo,24,FLO,2.3,99,7,2.9,8.4,-5.5,136,626,539,101,180,158,17,3,2,17,62,22,78,86,0,209,0.334,0.418,0.388,0.806,0.054,0.395,#N/A
15868,36800,Quilvio Veras,29,ATL,2.3,103,9,3.6,0.9,9,84,364,298,56,92,72,15,0,5,37,25,12,51,50,5,122,0.309,0.413,0.409,0.823,0.101,0.352,3000000
1285,36800,Herbert Perry,30,CHA,2.3,95,9,-0.5,2.7,7.5,109,420,383,69,118,76,29,1,12,61,4,1,22,68,9,185,0.308,0.356,0.483,0.839,0.175,0.345,#N/A
115,36800,Ronnie Belliard,25,MIL,2.3,94,7,-1.1,3.6,1.9,152,667,571,83,150,103,30,9,8,54,7,5,82,84,3,222,0.263,0.354,0.389,0.743,0.126,0.292,250000
353,36800,Shawn Green,27,LAN,2.3,108,8,12.7,1.6,-4.2,162,714,610,98,164,92,44,4,24,99,24,5,90,121,8,288,0.269,0.367,0.472,0.839,0.203,0.297,9416667
1300,36800,Benny Agbayani,28,NYN,2.3,121,10,14.4,0,-0.1,119,414,350,59,101,66,19,1,15,60,5,5,54,68,7,167,0.289,0.391,0.477,0.868,0.189,0.319,220000
215,36800,Fernando Vina,31,SLN,2.3,98,10,1.9,2.7,3,123,554,487,81,146,112,24,6,4,31,10,8,36,36,28,194,0.3,0.38,0.398,0.779,0.099,0.317,2300000
860,36800,Larry Walker,33,COL,2.2,111,11,8.2,-1.2,9,87,372,314,64,97,60,21,7,9,51,5,5,46,40,9,159,0.309,0.409,0.506,0.915,0.197,0.328,12142857
1339,36800,Trot Nixon,26,BOS,2.2,108,11,8.6,-2.3,6.9,123,502,427,66,118,71,27,8,12,60,8,1,63,85,2,197,0.276,0.368,0.461,0.83,0.185,0.316,270000
433,36800,Rich Aurilia,28,SFN,2.2,95,8,-0.3,-3.7,1.1,141,571,509,67,138,92,24,2,20,79,1,2,54,90,0,226,0.271,0.339,0.444,0.783,0.173,0.293,1200000
536,36800,Preston Wilson,25,FLO,2.2,100,10,4,0,-3.7,161,674,605,94,160,91,35,3,31,121,36,14,55,187,8,294,0.264,0.331,0.486,0.817,0.221,0.328,287000
134,36800,Jeffrey Hammonds,29,COL,2.2,116,6,14.1,3,-5,122,511,454,94,152,106,24,2,20,106,14,7,44,83,5,240,0.335,0.395,0.529,0.924,0.194,0.37,3183333
1129,36800,Omar Vizquel,33,CLE,2.2,97,6,1.3,-0.3,-10.9,156,717,613,101,176,139,27,3,7,66,22,10,87,72,5,230,0.287,0.377,0.375,0.753,0.088,0.314,3000000
7,36800,Craig Biggio,34,HOU,2.1,102,9,4.5,0,4.5,101,466,377,67,101,75,13,5,8,35,12,2,61,73,16,148,0.268,0.388,0.393,0.78,0.125,0.309,6750000
785,36800,Barry Larkin,36,CIN,2.1,110,9,8.9,1.6,-8.2,102,447,396,71,124,82,26,5,11,41,14,6,48,31,1,193,0.313,0.389,0.487,0.876,0.174,0.319,5300000
17331,36800,Felix Martinez,26,TBA,2.1,57,12,-18.8,2.8,22.3,106,353,299,42,64,47,11,4,2,17,9,3,32,68,8,89,0.214,0.305,0.298,0.603,0.084,0.268,#N/A
1388,36800,Brent Mayne,32,COL,2.1,97,8,1,-0.4,2.2,117,395,335,36,101,74,21,0,6,64,1,3,47,48,1,140,0.301,0.381,0.418,0.799,0.116,0.329,1750000
5857,36800,Darrin Fletcher,33,TOR,2,109,9,8,-4.7,-3.4,122,445,416,43,133,93,19,1,20,58,1,0,20,45,5,214,0.32,0.355,0.514,0.869,0.195,0.318,2625000
685,36800,Todd Pratt,33,NYN,2,109,15,3.5,1,8,80,190,160,33,44,30,6,0,8,25,0,0,22,31,5,74,0.275,0.378,0.463,0.84,0.188,0.295,500000
1393,36800,Neifi Perez,27,COL,2,75,7,-19.9,-0.3,9.8,162,699,651,92,187,127,39,11,10,71,3,6,30,63,0,278,0.287,0.314,0.427,0.741,0.14,0.301,2212500
109,36800,B.J. Surhoff,35,BAL,2,100,10,2.5,-1,9,103,444,411,56,120,80,27,0,13,57,7,2,29,46,2,186,0.292,0.341,0.453,0.793,0.161,0.303,4333333
16818,36800,Jay Buhner,35,SEA,1.9,129,6,19.8,-1.2,-6.3,112,430,364,50,92,46,20,0,26,82,0,2,59,98,4,190,0.253,0.361,0.522,0.883,0.269,0.273,1450000
6,36800,Lance Berkman,24,HOU,1.9,120,8,14.1,1.3,-3.6,114,417,353,76,105,55,28,1,21,67,6,2,56,73,1,198,0.297,0.388,0.561,0.949,0.263,0.316,#N/A
17670,36800,Bill Spiers,34,HOU,1.9,92,7,-2,0.3,7.5,124,409,355,41,107,84,17,3,3,43,7,4,49,38,1,139,0.301,0.386,0.392,0.777,0.09,0.329,1700000
57,36800,Henry Blanco,28,MIL,1.9,85,11,-4.8,2.3,6.8,93,324,284,29,67,36,24,0,7,31,0,3,36,60,0,112,0.236,0.318,0.394,0.712,0.158,0.271,235000
521,36800,Eric Owens,29,SDN,1.9,86,8,-8.3,3.5,9.5,145,636,583,87,171,139,19,7,6,51,29,14,45,63,4,222,0.293,0.346,0.381,0.727,0.087,0.319,370000
16689,36800,Brady Anderson,36,BAL,1.9,110,7,12.5,-2,-8.4,141,618,506,89,130,85,26,0,19,50,16,9,92,103,8,213,0.257,0.375,0.421,0.796,0.164,0.284,7200000
4951,36800,Delino DeShields,31,BAL,1.9,102,8,6,2.2,-5.6,151,643,561,84,166,108,43,5,10,86,37,10,69,82,1,249,0.296,0.369,0.444,0.813,0.148,0.326,4333667
671,36800,Mike Lieberthal,28,PHI,1.9,104,10,4.9,-3.2,-3.8,108,438,389,55,108,63,30,0,15,71,2,0,40,53,6,183,0.278,0.352,0.47,0.822,0.193,0.287,4500000
1403,36800,Michael Tucker,29,CIN,1.9,116,10,9.3,1.6,0.5,148,323,270,55,72,40,13,4,15,36,13,6,44,64,7,138,0.267,0.381,0.511,0.892,0.244,0.295,1700000
1345,36800,Rey Sanchez,32,KCA,1.8,60,10,-27,2.5,18.8,143,555,509,68,139,118,18,2,1,38,7,3,28,55,4,164,0.273,0.314,0.322,0.637,0.049,0.303,2300000
16839,36800,Ken Caminiti,37,HOU,1.8,136,11,13.9,0.3,-3.7,59,253,208,42,63,35,13,0,15,45,3,0,42,37,1,121,0.303,0.419,0.582,1.001,0.279,0.304,4500000
1438,36800,Dean Palmer,31,DET,1.8,111,9,12.5,0.1,-11.7,145,604,524,73,134,81,22,2,29,102,4,2,66,146,4,247,0.256,0.338,0.471,0.809,0.216,0.292,7000000
1197,36800,Mike Bordick,34,BAL,1.8,101,8,3.3,2.6,-6.6,100,433,391,70,116,77,22,1,16,59,6,5,34,71,1,188,0.297,0.35,0.481,0.831,0.184,0.324,3083333
288,36800,Greg Colbrunn,30,ARI,1.8,127,16,16.7,-2.5,0.1,116,385,329,48,103,65,22,1,15,57,0,1,43,45,10,172,0.313,0.405,0.523,0.928,0.21,0.324,1055000
1101,36800,Matt Lawton,28,MIN,1.8,113,10,16.5,-2.3,-9.2,156,664,561,84,171,112,44,2,13,88,23,7,91,63,7,258,0.305,0.405,0.46,0.865,0.155,0.322,2000000
368,36800,Chad Kreuter,35,LAN,1.8,113,11,6.4,-2,0.9,80,271,212,32,56,37,13,0,6,28,1,0,54,48,2,87,0.264,0.416,0.41,0.827,0.146,0.314,500000
446,36800,Tom Goodwin,31,COL,1.8,78,7,-9.1,7.2,7.7,91,377,317,65,86,65,8,8,5,47,39,7,50,76,1,125,0.271,0.368,0.394,0.763,0.123,0.338,3416667
365,36800,Brian Jordan,33,ATL,1.8,89,8,-4.5,2.8,9.8,133,537,489,71,129,86,26,0,17,77,10,2,38,80,5,206,0.264,0.32,0.421,0.742,0.157,0.282,7600000
877,36800,Brad Fullmer,25,TOR,1.7,117,8,15.5,-2.8,0,133,524,482,76,142,80,29,1,32,104,3,1,30,68,6,269,0.295,0.34,0.558,0.898,0.263,0.284,310000
898,36800,Alex Ochoa,28,CIN,1.7,120,10,9.2,0.6,2.2,118,275,244,50,77,40,21,3,13,58,9,4,24,27,3,143,0.316,0.378,0.586,0.964,0.27,0.308,362500
631,36800,Ray Lankford,33,SLN,1.7,114,8,12,2,-7.1,128,472,392,73,99,54,16,3,26,65,5,6,70,148,4,199,0.253,0.367,0.508,0.874,0.255,0.326,7600000
1209,36800,Brook Fordyce,30,CHA,1.7,102,11,1.3,0.6,9.5,40,136,125,18,34,21,7,1,5,21,0,0,6,23,2,58,0.272,0.313,0.464,0.777,0.192,0.296,675000
194,36800,Mike Matheny,29,SLN,1.7,65,8,-19.5,1.2,13.2,128,464,417,43,109,80,22,1,6,47,0,0,32,96,4,151,0.261,0.317,0.362,0.679,0.101,0.323,750000
272,36800,Chris Stynes,27,CIN,1.7,105,11,5.5,2.8,-4.6,119,420,380,71,127,90,24,1,12,40,5,2,32,54,2,189,0.334,0.386,0.497,0.883,0.163,0.363,375000
508,36800,Derrek Lee,24,FLO,1.7,120,10,18.1,-5.9,-0.6,158,546,477,70,134,85,18,3,28,70,0,3,63,123,4,242,0.281,0.368,0.507,0.875,0.226,0.323,225000
11041,36800,Warren Morris,26,PIT,1.6,78,9,-14.7,-1.7,15.9,144,606,528,68,137,101,31,2,3,43,7,10,65,78,2,181,0.259,0.341,0.343,0.684,0.083,0.298,300000
366,36800,Eric Karros,32,LAN,1.6,101,9,5.1,-3.2,8.2,155,663,584,84,146,86,29,0,31,106,4,3,63,122,4,268,0.25,0.321,0.459,0.78,0.209,0.26,5500000
26,36800,Mark Loretta,28,MIL,1.6,86,9,-5.1,0,4.2,91,399,352,49,99,70,21,1,7,40,0,3,37,38,1,143,0.281,0.35,0.406,0.757,0.125,0.299,2500000
1088,36800,Einar Diaz,27,CLE,1.6,73,9,-8.5,-1.9,13.7,75,275,250,29,68,48,14,2,4,25,4,2,11,29,8,98,0.272,0.323,0.392,0.715,0.12,0.295,237000
1202,36800,Jeff Conine,34,BAL,1.6,100,12,2.9,1.7,2.3,119,451,409,53,116,81,20,2,13,46,4,3,36,53,2,179,0.284,0.341,0.438,0.779,0.154,0.297,2500000
939,36800,David Justice,34,CLE,1.5,134,9,15.3,-3.1,-1.2,68,288,249,46,66,30,14,1,21,58,1,1,38,49,0,145,0.265,0.361,0.582,0.943,0.317,0.25,7000000
424,36800,Fernando Tatis,25,SLN,1.5,118,9,12.1,1,-10.6,96,394,324,59,82,42,21,1,18,64,2,3,57,94,10,159,0.253,0.379,0.491,0.87,0.238,0.299,750000
1124,36800,Lee Stevens,32,MON,1.5,95,9,0,2,8.6,123,501,449,60,119,68,27,2,22,75,0,0,48,105,2,216,0.265,0.337,0.481,0.818,0.216,0.299,3500000
26963,36800,Paul O'Neill,37,NYA,1.5,91,9,-3.8,1.3,6.4,142,628,566,79,160,116,26,0,18,100,14,9,51,90,0,240,0.283,0.336,0.424,0.76,0.141,0.303,7250000
1044,36800,Ben Grieve,24,OAK,1.5,110,10,13.7,0.2,-13.4,158,675,594,92,166,98,40,1,27,104,3,0,73,130,3,289,0.279,0.359,0.487,0.845,0.207,0.314,600000
28040,36800,Cal Ripken Jr.,39,BAL,1.5,95,15,-0.1,0.2,4.8,83,339,309,43,79,48,16,0,15,56,0,0,23,37,3,140,0.256,0.31,0.453,0.763,0.197,0.245,6300000
1620,36800,Rondell White,28,MON,1.5,108,12,5.4,-0.7,3.5,75,322,290,52,89,54,24,0,11,54,5,1,28,67,2,146,0.307,0.37,0.503,0.873,0.197,0.364,4000000
285,36800,Jay Bell,34,ARI,1.5,97,10,1.2,0.5,-5.2,149,649,565,87,151,97,30,6,18,68,7,3,70,88,3,247,0.267,0.348,0.437,0.786,0.17,0.287,7040000
980,36800,Jose Cruz Jr.,26,TOR,1.5,97,11,1.7,2,-11.4,162,681,603,91,146,78,32,5,31,76,15,5,71,129,2,281,0.242,0.323,0.466,0.789,0.224,0.258,#N/A
506,36800,Charles Johnson,28,CHA,1.5,129,8,7.3,-1.4,1.8,44,158,135,24,44,26,8,0,10,36,0,0,20,37,1,82,0.326,0.411,0.607,1.019,0.281,0.378,4600000
864,36800,Garret Anderson,28,ANA,1.4,103,9,6.9,-2.6,-10.6,159,681,647,92,185,107,40,3,35,117,7,6,24,87,0,336,0.286,0.307,0.519,0.827,0.233,0.281,3250000
1621,36800,Chris Widger,29,MON,1.4,91,15,-2,-0.2,1.9,86,312,281,31,67,36,17,2,12,34,1,2,29,61,1,124,0.238,0.311,0.441,0.752,0.203,0.263,1350000
1266,36800,Bill Haselman,34,TEX,1.4,87,13,-2.4,-1,8.2,62,210,193,23,53,29,18,0,6,26,0,1,15,36,1,89,0.275,0.329,0.461,0.79,0.187,0.309,1100000
17000,36800,Kevin Elster,35,LAN,1.4,113,7,6.3,1.7,-4.1,80,259,220,29,50,28,8,0,14,32,0,0,38,52,0,100,0.227,0.341,0.455,0.796,0.227,0.234,300000
515,36800,Kevin Millar,28,FLO,1.4,118,12,9.5,-0.8,0.2,123,305,259,36,67,36,14,3,14,42,0,0,36,47,8,129,0.259,0.364,0.498,0.862,0.239,0.265,265000
809,36800,Sandy Alomar Jr.,34,CLE,1.4,75,10,-10.7,-0.7,7.3,97,384,356,44,103,78,16,2,7,42,2,2,16,41,4,144,0.289,0.324,0.404,0.728,0.115,0.308,2700000
1290,36800,Ruben Rivera,26,SDN,1.4,78,9,-11.7,5.3,5,135,479,423,62,88,47,18,6,17,57,8,4,44,137,10,169,0.208,0.296,0.4,0.696,0.191,0.262,700000
1170,36800,Jose Offerman,31,BOS,1.4,99,7,2.9,-1.5,1,116,527,451,73,115,89,14,3,9,41,0,8,70,70,1,162,0.255,0.354,0.359,0.713,0.104,0.283,5750000
1268,36800,Todd Hollandsworth,27,LAN,1.4,98,13,1,0.8,2.9,81,293,261,42,61,41,12,0,8,24,11,4,30,61,1,97,0.234,0.314,0.372,0.686,0.138,0.275,1450000
900,36800,Orlando Palmeiro,31,ANA,1.3,94,10,-0.6,1.6,7.2,108,296,243,38,73,51,20,2,0,25,4,1,38,20,2,97,0.3,0.395,0.399,0.794,0.099,0.323,550000
758,36800,Aaron Boone,27,CIN,1.3,101,10,2.4,0.1,-0.3,84,331,291,44,83,53,18,0,12,43,6,1,24,52,10,137,0.285,0.356,0.471,0.826,0.186,0.307,300000
16880,36800,Will Clark,36,SLN,1.3,139,11,11.9,0.2,-0.2,51,197,171,29,59,31,15,1,12,42,1,0,22,24,3,112,0.345,0.426,0.655,1.081,0.31,0.346,6000000
803,36800,Kelly Stinnett,30,ARI,1.3,73,15,-8.1,0.2,8.6,76,265,240,22,52,37,7,0,8,33,0,1,19,56,6,83,0.217,0.291,0.346,0.636,0.129,0.25,1100000
157,36800,Richie Sexson,25,MIL,1.3,111,10,5.4,-1.6,7.4,57,251,213,44,63,35,14,0,14,47,1,0,34,63,3,119,0.296,0.398,0.559,0.957,0.263,0.358,247000
1197,36800,Mike Bordick,34,NYN,1.3,101,8,1.6,2,0.6,56,211,192,18,50,38,8,0,4,21,3,1,15,28,2,70,0.26,0.321,0.365,0.685,0.104,0.288,3083333
1384,36800,Chuck Knoblauch,31,NYA,1.3,99,10,2.4,1.9,-2.5,102,457,400,75,113,84,22,2,5,26,15,7,46,45,8,154,0.283,0.366,0.385,0.751,0.103,0.307,6000000
1325,36800,Rickey Henderson,41,SEA,1.3,96,11,0.2,1.5,2.4,92,395,324,58,77,58,13,2,4,30,31,9,63,55,2,106,0.238,0.362,0.327,0.689,0.09,0.272,2000000
1243,36800,David Segui,33,TEX,1.2,114,9,9.7,-0.3,-0.7,93,389,351,52,118,77,29,1,11,57,0,1,34,51,0,182,0.336,0.391,0.519,0.909,0.182,0.365,4325000
435,36800,Marvin Benard,29,SFN,1.2,85,7,-9.1,6.8,-5.2,149,633,560,102,147,102,27,6,12,55,22,7,63,97,6,222,0.263,0.342,0.396,0.739,0.134,0.298,1125000
655,36800,Pat Burrell,23,PHI,1.2,104,10,5.3,-1.1,1.1,111,474,408,57,106,60,27,1,18,79,0,0,63,139,1,189,0.26,0.359,0.463,0.822,0.203,0.348,#N/A
1483,36800,Jacque Jones,25,MIN,1.2,81,10,-11,1.8,6.8,154,550,523,66,149,99,26,5,19,76,7,5,26,111,0,242,0.285,0.319,0.463,0.781,0.178,0.331,225000
738,36800,Armando Rios,28,SFN,1.2,105,13,3.7,0.6,2.8,115,269,233,38,62,32,15,5,10,50,3,2,31,43,0,117,0.266,0.347,0.502,0.849,0.236,0.283,225000
17087,36800,Craig Grebeck,35,TOR,1.2,94,11,-0.6,1.7,3.4,66,270,241,38,71,49,19,0,3,23,0,0,25,33,2,99,0.295,0.364,0.411,0.775,0.116,0.33,800000
618,36800,Wiki Gonzalez,26,SDN,1.2,85,9,-4.7,-4,5.8,95,319,284,25,66,45,15,1,5,30,1,2,30,31,3,98,0.232,0.311,0.345,0.656,0.113,0.245,208000
1051,36800,Russ Johnson,27,TBA,1.2,76,13,-5.8,2.9,8.4,74,215,185,28,47,37,8,0,2,17,4,1,25,30,1,61,0.254,0.344,0.33,0.674,0.076,0.292,260000
665,36800,Doug Glanville,29,PHI,1.2,69,9,-25.5,5.3,9.2,154,689,637,89,175,134,27,6,8,52,31,8,31,76,2,238,0.275,0.307,0.374,0.681,0.099,0.298,2016667
1478,36800,Denny Hocking,30,MIN,1.2,92,12,-2.1,0.1,1.3,134,433,373,52,111,79,24,4,4,47,7,5,48,77,0,155,0.298,0.373,0.416,0.789,0.118,0.36,500000
17554,36800,Jeff Reed,37,CHN,1.1,83,9,-4.8,-0.4,3.9,90,277,229,26,49,35,10,0,4,25,0,1,44,68,1,71,0.214,0.342,0.31,0.652,0.096,0.285,1000000
17157,36800,Glenallen Hill,35,CHN,1.1,126,11,7.6,-0.3,1.1,64,178,168,23,44,28,4,1,11,29,0,1,10,43,0,83,0.262,0.303,0.494,0.797,0.232,0.289,1500000
958,36800,Olmedo Saenz,29,OAK,1.1,122,11,9.1,-0.9,-0.8,76,247,214,40,67,44,12,2,9,33,1,0,25,40,7,110,0.313,0.401,0.514,0.915,0.201,0.349,260000
1475,36800,Cristian Guzman,22,MIN,1.1,65,5,-28.8,8,1.3,156,690,631,89,156,103,25,20,8,54,28,10,46,101,2,245,0.247,0.299,0.388,0.687,0.141,0.281,230000
684,36800,Placido Polanco,24,SLN,1.1,85,10,-5.2,0.6,4.5,118,350,323,50,102,82,12,3,5,39,4,4,16,26,1,135,0.316,0.347,0.418,0.765,0.102,0.329,220000
1244,36800,Chris Singleton,27,CHA,1.1,67,7,-22,5.5,9,147,563,511,83,130,92,22,5,11,62,22,7,35,85,1,195,0.254,0.301,0.382,0.683,0.127,0.284,285000
608,36800,Deivi Cruz,27,DET,1.1,79,8,-13.9,-2.4,-0.5,156,615,583,68,176,115,46,5,10,82,1,4,13,43,4,262,0.302,0.318,0.449,0.767,0.148,0.309,1975000
1098,36800,Ricky Gutierrez,30,CHN,1.1,98,8,1.8,-2.5,-12.7,125,542,449,73,124,92,19,2,11,56,8,2,66,58,7,180,0.276,0.375,0.401,0.775,0.125,0.294,2500000
1337,36800,Doug Mirabelli,29,SFN,1.1,89,8,-2.4,0.2,-0.3,82,273,230,23,53,35,10,2,6,28,1,0,36,57,2,85,0.23,0.337,0.37,0.707,0.139,0.278,215000
1215,36800,Jerry Hairston,24,BAL,1,97,10,0.5,0.6,3.8,49,212,180,27,46,36,5,0,5,19,8,5,21,22,6,66,0.256,0.353,0.367,0.719,0.111,0.268,#N/A
1209,36800,Brook Fordyce,30,BAL,1,103,11,2,-0.3,-0.3,53,194,177,23,57,37,11,0,9,28,0,0,11,27,2,95,0.322,0.361,0.537,0.898,0.215,0.331,675000
1480,36800,Torii Hunter,24,MIN,1,75,9,-9.8,1.4,7.3,99,358,336,44,94,68,14,7,5,44,4,3,18,68,2,137,0.28,0.318,0.408,0.726,0.128,0.336,230000
446,36800,Tom Goodwin,31,LAN,1,78,7,-5.5,4.3,4.7,56,229,211,29,53,48,3,1,1,11,16,3,18,41,0,61,0.251,0.31,0.289,0.599,0.038,0.308,3416667
30592,36800,Walt Weiss,36,ATL,1,78,11,-5.4,3.5,2.6,80,227,192,29,50,42,6,2,0,18,1,1,26,32,3,60,0.26,0.353,0.313,0.665,0.052,0.307,3000000
1542,36800,Paul Konerko,24,CHA,1,106,12,8.6,-0.2,-4.8,143,586,524,84,156,103,31,1,21,97,1,0,47,72,10,252,0.298,0.363,0.481,0.844,0.183,0.31,305000
1456,36800,Chris Truby,26,HOU,1,83,16,-4.9,1.5,4.3,78,279,258,28,67,37,15,4,11,59,2,1,10,56,5,123,0.26,0.295,0.477,0.772,0.217,0.286,#N/A
1263,36800,Rusty Greer,31,TEX,1,104,8,5.5,-0.3,-5.1,105,453,394,65,117,72,34,3,8,65,4,1,51,61,3,181,0.297,0.377,0.459,0.837,0.162,0.33,3600000
1175,36800,Desi Relaford,26,PHI,1,88,8,-3.2,3.8,-4.1,83,313,253,29,56,38,12,3,3,30,5,0,48,45,9,83,0.221,0.363,0.328,0.691,0.107,0.257,345000
17368,36800,Pat Meares,31,PIT,1,78,9,-12.3,0.2,-0.6,132,514,462,55,111,74,22,2,13,47,1,0,36,91,8,176,0.24,0.305,0.381,0.685,0.141,0.271,3290000
358,36800,Dave Hansen,31,LAN,1,129,13,6.7,0.7,-0.5,102,147,121,18,35,19,6,2,8,26,0,1,26,32,0,69,0.289,0.415,0.57,0.985,0.281,0.333,500000
27,36800,Julio Lugo,24,HOU,1,89,9,-4,3.5,-6.6,116,465,420,78,119,82,22,5,10,40,22,9,37,93,4,181,0.283,0.346,0.431,0.777,0.148,0.343,#N/A
945,36800,Terrence Long,24,OAK,1,92,10,-2.6,1,-9.4,138,631,584,104,168,112,34,4,18,80,5,0,43,77,1,264,0.288,0.336,0.452,0.788,0.164,0.305,#N/A
17230,36800,Wally Joyner,38,ATL,1,105,11,3.4,1.5,1.4,119,260,224,24,63,46,12,0,5,32,0,0,31,31,1,90,0.281,0.365,0.402,0.767,0.121,0.302,3375000
173,36800,Mike DiFelice,31,TBA,1,74,14,-6.7,-2.4,8.4,60,223,204,23,49,29,13,1,6,19,0,0,12,40,0,82,0.24,0.28,0.402,0.682,0.162,0.269,#N/A
10225,36800,Dave Mccarty,30,KCA,1,90,13,-2.4,-1.7,10.3,103,295,270,34,75,47,14,2,12,53,0,0,22,68,0,129,0.278,0.329,0.478,0.807,0.2,0.326,#N/A
1308,36800,Tony Clark,28,DET,1,109,15,4.3,0.5,3.1,60,232,208,32,57,30,14,0,13,37,0,0,24,51,0,110,0.274,0.349,0.529,0.878,0.255,0.306,3862500
1261,36800,Juan Gonzalez,30,DET,1,105,9,6.5,-2.7,-1.4,115,496,461,69,133,79,30,2,22,67,1,2,32,84,2,233,0.289,0.337,0.505,0.842,0.217,0.312,7900000
16766,36800,Dante Bichette,36,CIN,1,101,11,4,-5.2,1.3,125,514,461,67,136,91,27,2,16,76,5,2,41,69,4,215,0.295,0.353,0.466,0.819,0.171,0.313,7000000
1609,36800,Shane Spencer,28,NYA,1,100,12,1.6,-2.2,6,73,276,248,33,70,47,11,3,9,40,1,2,19,45,2,114,0.282,0.33,0.46,0.789,0.177,0.303,#N/A
9906,36800,Al Martin,32,SEA,0.9,97,8,0.2,2.3,4,42,145,134,19,31,21,2,4,4,9,4,1,8,31,2,53,0.231,0.283,0.396,0.678,0.164,0.27,1750000
1140,36800,Bret Boone,31,SDN,0.9,96,8,0.1,4.1,-9.8,127,525,463,61,116,77,18,2,19,74,8,4,50,97,5,195,0.251,0.326,0.421,0.747,0.171,0.274,3750000
16932,36800,Mike Darr,24,SDN,0.9,79,12,-5.1,0.8,8.8,58,228,205,21,55,36,14,4,1,30,9,1,23,45,0,80,0.268,0.342,0.39,0.732,0.122,0.34,#N/A
331,36800,Matt Williams,34,ARI,0.9,84,11,-6,-3.2,5.1,96,397,371,43,102,70,18,2,12,47,1,2,20,51,3,160,0.275,0.315,0.431,0.746,0.156,0.289,#N/A
499,36800,Juan Encarnacion,24,DET,0.9,86,13,-7.7,4,-6.6,141,590,547,75,158,113,25,6,14,72,16,4,29,90,7,237,0.289,0.33,0.433,0.764,0.144,0.322,325000
708,36800,Adrian Brown,26,PIT,0.9,87,10,-4.1,5.6,-2.5,104,340,308,64,97,72,18,3,4,28,13,1,29,34,0,133,0.315,0.373,0.432,0.805,0.117,0.343,285000
17678,36800,Mike Stanley,37,BOS,0.9,117,13,6.5,-0.4,1.3,58,218,185,22,41,26,5,0,10,28,0,0,30,44,0,76,0.222,0.327,0.411,0.738,0.189,0.233,4000000
245,36800,Alex Gonzalez,27,TOR,0.9,78,8,-14.6,3.1,-5.8,141,591,527,68,133,85,31,2,15,69,4,4,43,113,4,213,0.252,0.313,0.404,0.717,0.152,0.295,3025000
16748,36800,Albert Belle,33,BAL,0.9,105,8,8,-4,-5.4,141,622,559,71,157,96,37,1,23,103,0,5,52,68,4,265,0.281,0.342,0.474,0.817,0.193,0.282,13000000
1155,36800,Carlos Guillen,24,SEA,0.9,80,10,-6.8,4,0,90,328,288,45,74,50,15,2,7,42,1,3,28,53,2,114,0.257,0.324,0.396,0.72,0.139,0.29,205000
1394,36800,Mark Quinn,26,KCA,0.9,98,10,1.8,-4,1.3,135,544,500,76,147,92,33,2,20,78,5,2,35,91,3,244,0.294,0.342,0.488,0.83,0.194,0.324,#N/A
16846,36800,Jose Canseco,35,TBA,0.9,117,10,7.8,-1.5,0,61,264,218,31,56,32,15,0,9,30,2,0,41,65,4,98,0.257,0.383,0.45,0.832,0.193,0.324,3000000
759,36800,Russell Branyan,24,CLE,0.9,109,11,4,-0.8,2.2,67,220,193,32,46,21,7,2,16,38,0,0,22,76,4,105,0.238,0.327,0.544,0.871,0.306,0.294,#N/A
1254,36800,Frank Catalanotto,26,TEX,0.9,106,9,4.5,0.6,-3.1,103,326,282,55,82,57,13,2,10,42,6,2,33,36,6,129,0.291,0.375,0.457,0.832,0.167,0.303,305000
17319,36800,Dave Magadan,37,SDN,0.9,112,12,3.8,-3,3.5,95,166,132,13,36,27,7,0,2,21,0,0,32,23,0,49,0.273,0.41,0.371,0.781,0.098,0.312,775000
17017,36800,Sal Fasano,28,OAK,0.9,86,10,-1.8,-2.4,6.3,52,144,126,21,27,14,6,0,7,19,0,0,14,47,3,54,0.214,0.306,0.429,0.734,0.214,0.274,240000
290,36800,Craig Counsell,29,ARI,0.9,100,10,1.1,0.6,1.4,67,176,152,23,48,37,8,1,2,11,3,3,20,18,2,64,0.316,0.4,0.421,0.821,0.105,0.346,#N/A
1435,36800,Mitch Meluskey,26,HOU,0.8,115,10,10.7,-1.4,-19.9,117,400,337,47,101,66,21,0,14,69,1,0,55,74,4,164,0.3,0.401,0.487,0.888,0.187,0.345,215000
935,36800,Scott Hatteberg,30,BOS,0.8,109,12,5.2,-1,-5.7,92,271,230,21,61,38,15,0,8,36,0,1,38,39,0,100,0.265,0.367,0.435,0.801,0.17,0.286,695000
16859,36800,Alberto Castillo,30,TOR,0.8,66,10,-8.4,-2,8.7,66,211,185,14,39,31,7,0,1,16,0,0,21,36,0,49,0.211,0.287,0.265,0.552,0.054,0.252,425000
1301,36800,Shane Andrews,28,CHN,0.8,104,13,2.6,0.1,-1.3,66,222,192,25,44,25,5,0,14,39,1,1,27,59,2,91,0.229,0.329,0.474,0.803,0.245,0.25,1000000
777,36800,Jose Guillen,24,TBA,0.8,82,7,-6.5,0.3,8,105,349,316,40,80,49,16,5,10,41,3,1,18,65,13,136,0.253,0.32,0.43,0.75,0.177,0.29,375000
1499,36800,David Ortiz,24,MIN,0.8,97,11,1.2,0,1.6,130,478,415,59,117,70,36,1,10,63,1,0,57,81,0,185,0.282,0.364,0.446,0.81,0.164,0.324,225000
460,36800,Bill Mueller,29,SFN,0.8,84,9,-10,-0.2,-3.9,153,631,560,97,150,107,29,4,10,55,4,2,52,62,6,217,0.268,0.333,0.388,0.721,0.12,0.283,1325000
332,36800,Tony Womack,30,ARI,0.8,74,6,-19.4,5.2,-7.6,146,659,617,95,167,125,21,14,7,57,45,11,30,74,5,237,0.271,0.307,0.384,0.692,0.113,0.296,2500000
294,36800,Erubiel Durazo,26,ARI,0.8,109,13,4.3,2,-0.6,67,233,196,35,52,33,11,0,8,33,1,0,34,43,1,87,0.265,0.373,0.444,0.817,0.179,0.299,260000
1036,36800,Steve Cox,25,TBA,0.8,106,13,5.4,-1,-2.7,116,369,318,44,90,59,19,1,11,35,1,2,45,47,5,144,0.283,0.379,0.453,0.832,0.17,0.303,200000
16738,36800,Rich Becker,28,DET,0.8,97,7,0.5,3.9,-3.5,92,298,238,48,58,39,12,0,7,34,1,2,56,70,0,91,0.244,0.383,0.382,0.765,0.139,0.309,500000
1268,36800,Todd Hollandsworth,27,COL,0.8,97,13,0.5,3,0.4,56,178,167,39,54,35,8,0,11,23,7,3,11,38,0,95,0.323,0.365,0.569,0.934,0.246,0.364,1450000
11604,36800,Troy O'Leary,30,BOS,0.8,88,9,-5.6,-1.9,2.1,138,563,513,68,134,87,30,4,13,70,0,2,44,76,2,211,0.261,0.32,0.411,0.731,0.15,0.283,#N/A
1231,36800,Melvin Mora,28,BAL,0.7,87,9,-2.6,-0.7,1.1,53,222,199,25,58,44,9,3,2,17,5,8,17,32,4,79,0.291,0.359,0.397,0.756,0.106,0.339,210000
17157,36800,Glenallen Hill,35,NYA,0.7,131,11,6.9,-0.9,-0.6,40,143,132,22,44,23,5,0,16,29,0,0,9,33,1,97,0.333,0.378,0.735,1.112,0.402,0.333,1500000
29431,36800,Kevin Stocker,30,ANA,0.7,70,10,-9.6,-0.7,5.4,70,272,229,21,45,29,13,3,0,16,0,3,32,54,2,64,0.197,0.299,0.279,0.579,0.083,0.256,3300000
401,36800,Andres Galarraga,39,ATL,0.7,116,7,15.6,-4,-10.6,141,548,494,67,149,95,25,1,28,100,3,5,36,126,17,260,0.302,0.369,0.526,0.895,0.225,0.355,8500000
16754,36800,Mike Benjamin,34,PIT,0.7,66,12,-10.4,0.2,8.4,93,255,233,28,63,41,18,2,2,19,5,4,12,45,3,91,0.27,0.313,0.391,0.704,0.12,0.326,700000
669,36800,Travis Lee,25,ARI,0.7,83,8,-4.4,-0.5,7.6,72,250,224,34,52,31,13,0,8,40,5,1,25,46,0,89,0.232,0.308,0.397,0.705,0.165,0.257,500000
17094,36800,Willie Greene,28,CHN,0.7,70,10,-12,0,7.2,105,339,299,34,60,33,15,2,10,37,4,0,36,69,2,109,0.201,0.289,0.365,0.654,0.164,0.225,395000
1355,36800,Luis Alicea,34,TEX,0.7,92,9,-3.4,-1.1,-6.6,139,618,540,85,159,120,25,8,6,63,1,3,59,75,5,218,0.294,0.365,0.404,0.769,0.109,0.328,750000
950,36800,Frank Menechino,29,OAK,0.7,97,9,0.3,1.4,0.3,66,169,145,31,37,21,9,1,6,26,1,4,20,45,1,66,0.255,0.345,0.455,0.8,0.2,0.323,201000
193,36800,Tino Martinez,32,NYA,0.7,91,10,-4.3,-0.5,4.9,155,632,569,69,147,90,37,4,16,91,4,1,52,74,8,240,0.258,0.328,0.422,0.749,0.163,0.272,4800000
26525,36800,James Mouton,31,MIL,0.7,87,14,-2.4,4.1,-0.2,87,197,159,28,37,27,7,1,2,17,13,4,30,43,3,52,0.233,0.363,0.327,0.69,0.094,0.304,#N/A
1535,36800,Tony Graffanino,28,CHA,0.7,90,7,-1.2,-1.2,2.8,57,172,148,25,40,32,5,1,2,16,7,4,21,25,1,53,0.27,0.363,0.358,0.721,0.088,0.311,270000
17428,36800,Calvin Murray,28,SFN,0.6,88,9,-2.5,2.5,-0.9,108,229,194,35,47,32,12,1,2,22,9,3,29,33,3,67,0.242,0.348,0.345,0.693,0.103,0.281,202000
497,36800,Ramon Castro,24,FLO,0.6,73,11,-4.9,-0.8,4.6,50,157,138,10,33,27,4,0,2,14,0,0,16,36,1,43,0.239,0.318,0.312,0.63,0.072,0.304,#N/A
17329,36800,Dave Martinez,35,TEX,0.6,84,10,-2.2,0.7,5.6,38,134,119,14,32,25,4,1,2,12,2,1,14,20,1,44,0.269,0.351,0.37,0.72,0.101,0.309,2000000
8,36800,Geoff Blum,27,MON,0.6,90,10,-2.7,-4.4,-0.2,124,379,343,40,97,64,20,2,11,45,1,4,26,60,3,154,0.283,0.335,0.449,0.784,0.166,0.312,210000
506,36800,Charles Johnson,28,BAL,0.6,128,8,14.4,0.3,-24.1,84,320,286,52,84,47,16,0,21,55,2,0,32,69,0,163,0.294,0.364,0.57,0.934,0.276,0.32,4600000
588,36800,Mo Vaughn,32,ANA,0.6,117,7,21.3,-6,-16.7,161,712,614,93,167,100,31,0,36,117,2,0,79,181,14,306,0.272,0.365,0.498,0.864,0.226,0.326,11166667
16806,36800,Scott Brosius,33,NYA,0.6,85,7,-7.8,-0.1,-4,135,519,470,57,108,72,20,0,16,64,0,3,45,73,2,176,0.23,0.299,0.374,0.673,0.145,0.24,5250000
52,36800,Gregg Zaun,29,KCA,0.6,114,10,7.2,-2.7,-12,83,282,234,36,64,46,11,0,7,33,7,3,43,34,3,96,0.274,0.39,0.41,0.8,0.137,0.292,525000
910,36800,Scott Spiezio,27,ANA,0.6,101,13,2.6,0.6,-2.3,123,345,297,47,72,42,11,2,17,49,1,2,40,56,3,138,0.242,0.334,0.465,0.799,0.222,0.241,600000
458,36800,Ramon Martinez,27,SFN,0.6,99,16,1,1.2,-4,88,210,189,30,57,36,13,2,6,25,3,2,15,22,1,92,0.302,0.354,0.487,0.841,0.185,0.315,#N/A
853,36800,Terry Shumpert,33,COL,0.6,92,9,-1.2,0.4,-1.5,115,300,263,52,68,41,11,7,9,40,8,4,28,40,6,120,0.259,0.34,0.456,0.796,0.198,0.272,850000
789,36800,Ruben Mateo,22,TEX,0.6,88,13,-2.4,-0.8,1.9,52,222,206,32,60,42,11,0,7,19,6,0,10,34,5,92,0.291,0.339,0.447,0.786,0.155,0.321,230000
50,36800,Daryle Ward,25,HOU,0.6,102,11,2.6,-0.3,-2.6,119,281,264,36,68,36,10,2,20,47,0,0,15,61,0,142,0.258,0.295,0.538,0.833,0.28,0.259,237500
389,36800,Orlando Cabrera,25,MON,0.6,77,11,-11.6,0,-3.1,125,454,422,47,100,61,25,1,13,55,4,4,25,28,1,166,0.237,0.279,0.393,0.673,0.156,0.227,265000
1358,36800,Carlos Beltran,23,KCA,0.6,73,8,-12.9,1.7,4.1,98,413,372,49,92,66,15,4,7,44,13,0,35,69,0,136,0.247,0.309,0.366,0.675,0.118,0.283,350000
17008,36800,Tony  Eusebio,33,HOU,0.5,101,11,1.7,-0.9,-7.4,74,249,218,24,61,36,18,0,7,33,0,0,25,45,4,100,0.28,0.361,0.459,0.82,0.179,0.321,#N/A
548,36800,Roger Cedeno,25,HOU,0.5,96,10,0,0.5,-3.2,74,305,259,54,73,60,2,5,6,26,25,11,43,47,0,103,0.282,0.383,0.398,0.781,0.116,0.324,2400000
16846,36800,Jose Canseco,35,NYA,0.5,116,10,3.9,0.2,-0.3,37,137,111,16,27,18,3,0,6,19,0,0,23,37,0,48,0.243,0.365,0.432,0.797,0.189,0.296,3000000
1243,36800,David Segui,33,CLE,0.5,113,9,6,-3.4,0.1,57,245,223,41,74,53,13,0,8,46,0,0,19,33,1,111,0.332,0.384,0.498,0.881,0.166,0.359,4325000
1200,36800,Raul Casanova,27,MIL,0.5,82,12,-4.9,0.4,-2.5,86,265,231,20,57,35,13,3,6,36,1,2,26,48,4,94,0.247,0.331,0.407,0.738,0.16,0.285,#N/A
733,36800,Keith Osik,31,PIT,0.5,96,16,0.1,-0.2,0,46,143,123,11,36,25,6,1,4,22,3,0,14,11,5,56,0.293,0.387,0.455,0.843,0.163,0.296,400000
159,36800,Matt Stairs,32,OAK,0.5,99,9,2.5,-1.6,-5.3,143,562,476,74,108,61,26,0,21,81,5,2,78,122,1,197,0.227,0.333,0.414,0.747,0.187,0.257,3050000
157,36800,Richie Sexson,25,CLE,0.5,111,10,7.4,-2.9,-5.8,91,356,324,45,83,50,16,1,16,44,1,0,25,96,4,149,0.256,0.315,0.46,0.774,0.204,0.312,247000
311,36800,Chad Moeller,25,MIN,0.5,49,10,-8.8,0.2,6.8,48,139,128,13,27,22,3,1,1,9,1,0,9,33,0,35,0.211,0.261,0.273,0.534,0.063,0.274,#N/A
17012,36800,Jorge Fabregas,30,KCA,0.5,82,13,-2.8,-0.5,0.8,43,152,142,13,40,33,4,0,3,17,1,0,8,11,0,53,0.282,0.32,0.373,0.693,0.092,0.289,#N/A
17186,36800,Brian R. Hunter,32,PHI,0.5,102,14,1.5,-0.9,1.5,85,158,138,13,29,17,5,0,7,22,0,1,20,39,0,55,0.21,0.31,0.399,0.709,0.188,0.239,350000
16941,36800,Eric Davis,38,SLN,0.5,95,14,-0.2,-0.7,-0.1,92,293,254,38,77,57,14,0,6,40,1,1,36,60,1,109,0.303,0.389,0.429,0.818,0.126,0.374,4500000
1073,36800,Randy Winn,26,TBA,0.5,88,10,-2,-0.2,1.6,51,190,159,28,40,34,5,0,1,16,6,7,26,25,2,48,0.252,0.362,0.302,0.664,0.05,0.291,#N/A
17673,36800,Ed Sprague,32,BOS,0.4,91,13,-0.8,0,1.4,33,123,111,11,24,18,4,0,2,9,0,0,12,18,0,34,0.216,0.293,0.306,0.599,0.09,0.242,800000
1189,36800,Dan Wilson,31,SEA,0.4,71,9,-10.3,0.5,-0.7,90,303,268,31,63,46,12,0,5,27,1,2,22,51,0,90,0.235,0.291,0.336,0.627,0.101,0.271,4000000
17209,36800,Marcus Jensen,27,MIN,0.4,82,11,-3,-1.1,0.6,52,164,139,16,29,18,7,1,3,14,0,1,24,36,0,47,0.209,0.325,0.338,0.663,0.129,0.26,285000
16817,36800,Damon Buford,30,CHN,0.4,80,9,-11.9,4.6,-7,150,556,495,64,124,88,18,3,15,48,4,6,47,118,8,193,0.251,0.324,0.39,0.714,0.139,0.299,2200000
16926,36800,Midre Cummings,28,MIN,0.4,82,14,-3.7,1.6,2.6,77,196,181,28,50,36,10,0,4,22,0,0,11,25,3,72,0.276,0.328,0.398,0.726,0.122,0.303,300000
17458,36800,Joe Oliver,34,SEA,0.4,91,13,-1.2,0.8,-6.1,69,219,200,33,53,29,13,1,10,35,2,1,14,38,0,98,0.265,0.313,0.49,0.803,0.225,0.283,500000
1461,36800,Dmitri Young,26,CIN,0.4,91,7,-3.8,-5.2,0.6,152,593,548,68,166,105,37,6,18,88,0,3,36,80,3,269,0.303,0.346,0.491,0.837,0.188,0.325,1950000
1175,36800,Desi Relaford,26,SDN,0.4,88,8,-2,1,-3.5,45,189,157,26,32,28,2,0,2,16,8,0,27,26,3,40,0.204,0.33,0.255,0.585,0.051,0.231,345000
29431,36800,Kevin Stocker,30,TBA,0.4,70,10,-4.9,0.1,2.6,40,137,114,20,30,20,7,1,2,8,1,2,19,27,2,45,0.263,0.378,0.395,0.773,0.132,0.329,3300000
17205,36800,Gregg Jefferies,32,DET,0.4,91,12,-1,-0.8,2.5,41,160,142,18,39,29,8,0,2,14,0,2,16,10,0,53,0.275,0.344,0.373,0.717,0.099,0.28,3125000
1149,36800,Ben Davis,23,SDN,0.4,73,12,-4.7,0.8,0.6,43,148,130,12,29,20,6,0,3,14,1,1,14,35,0,44,0.223,0.297,0.338,0.635,0.115,0.28,#N/A
17047,36800,Jeff Frye,33,BOS,0.4,89,8,-2.3,-1.9,0.3,69,273,239,35,69,55,13,0,1,13,1,3,28,38,1,85,0.289,0.364,0.356,0.72,0.067,0.338,2500000
17364,36800,Billy McMillon,28,DET,0.4,107,9,2.4,-0.8,0,46,149,123,20,37,25,7,1,4,24,1,0,19,19,1,58,0.301,0.388,0.472,0.859,0.171,0.317,#N/A
806,36800,Todd Walker,27,COL,0.4,105,12,2.5,0.6,-5.1,57,196,171,28,54,33,10,4,7,36,4,1,20,19,1,93,0.316,0.385,0.544,0.928,0.228,0.318,#N/A
23887,36800,John Jaha,34,OAK,0.4,106,11,2,0.3,0,33,133,97,14,17,15,1,0,1,5,1,0,33,38,3,21,0.175,0.398,0.216,0.615,0.041,0.276,2750000
283,36800,Danny Bautista,28,ARI,0.3,87,11,-3.6,0.7,-0.3,87,294,262,45,83,53,16,7,7,47,5,2,20,30,3,134,0.317,0.366,0.511,0.877,0.195,0.33,500000
17136,36800,Charlie Hayes,35,MIL,0.3,95,11,-0.4,-4.2,-2.1,121,434,370,46,93,67,17,0,9,46,1,1,57,84,1,137,0.251,0.348,0.37,0.718,0.119,0.297,300000
362,36800,Tyler Houston,29,MIL,0.3,96,13,0.4,-2.6,-3.2,101,305,284,30,71,38,15,0,18,43,2,1,17,72,0,140,0.25,0.292,0.493,0.785,0.243,0.273,335000
955,36800,Adam Piatt,24,OAK,0.3,107,12,2.8,-1.1,-2.1,60,182,157,24,47,32,5,5,5,23,0,1,23,44,1,77,0.299,0.392,0.49,0.883,0.191,0.389,#N/A
17348,36800,Jason Maxwell,28,MIN,0.3,69,14,-4.5,-0.5,4.4,64,124,111,14,27,20,6,0,1,11,2,1,9,32,1,36,0.243,0.298,0.324,0.623,0.081,0.321,#N/A
878,36800,Benji Gil,27,ANA,0.3,73,8,-10.8,-2.9,2,110,343,301,28,72,51,14,1,6,23,10,6,30,59,5,106,0.239,0.317,0.352,0.669,0.113,0.277,225000
16776,36800,Tim Bogar,33,HOU,0.3,71,11,-11.8,-0.9,-0.1,110,351,304,32,63,45,9,2,7,33,1,1,35,56,3,97,0.207,0.292,0.319,0.611,0.112,0.229,700000
16978,36800,Rob Ducey,35,PHI,0.3,94,12,-0.4,-0.5,-0.7,112,183,152,24,30,19,4,1,6,25,1,0,29,47,0,54,0.197,0.322,0.355,0.678,0.158,0.238,500000
17329,36800,Dave Martinez,35,TOR,0.3,84,10,-3.2,-2,4.3,47,206,180,29,56,43,10,1,2,22,4,2,24,28,1,74,0.311,0.393,0.411,0.804,0.1,0.358,2000000
1274,36800,Mike Lamb,24,TEX,0.3,76,10,-14.4,4.4,-5.9,138,538,493,65,137,104,25,2,6,47,0,2,34,60,4,184,0.278,0.328,0.373,0.702,0.095,0.305,#N/A
1440,36800,Craig Paquette,31,SLN,0.3,81,9,-8.1,-2.7,1.8,134,420,384,47,94,53,24,2,15,61,4,3,27,83,2,167,0.245,0.294,0.435,0.728,0.19,0.271,595000
396,36800,Wil Cordero,28,CLE,0.3,96,8,0.1,0.7,-1.5,38,158,148,18,39,26,11,2,0,17,0,0,7,18,3,54,0.264,0.31,0.365,0.675,0.101,0.3,#N/A
16750,36800,Clay Bellinger,31,NYA,0.3,72,14,-6.8,1.8,1.3,98,209,184,33,38,22,8,2,6,21,5,0,17,48,5,68,0.207,0.288,0.37,0.658,0.163,0.242,206650
17046,36800,Hanley Frias,26,ARI,0.3,73,13,-4,1.3,0.5,75,129,112,18,23,16,5,0,2,6,2,2,17,18,0,34,0.205,0.31,0.304,0.614,0.098,0.228,243500
17673,36800,Ed Sprague,32,SDN,0.3,90,12,-1.4,-0.3,0.9,73,175,157,19,41,19,12,0,10,27,0,0,13,40,3,83,0.261,0.326,0.529,0.854,0.268,0.284,800000
118,36800,Ryan Christenson,26,OAK,0.3,86,11,-1.9,-0.2,0.5,121,153,129,31,32,24,2,2,4,18,1,2,19,33,1,50,0.248,0.349,0.388,0.737,0.14,0.304,221000
1231,36800,Melvin Mora,28,NYN,0.3,86,9,-3,-0.7,-3.8,79,242,215,35,56,35,13,2,6,30,7,3,18,48,2,91,0.26,0.317,0.423,0.74,0.163,0.301,210000
16927,36800,Chad Curtis,31,TEX,0.2,87,11,-4.3,1.4,-2.7,108,381,335,48,91,57,25,1,8,48,3,3,37,71,1,142,0.272,0.343,0.424,0.767,0.152,0.32,2000000
138,36800,Jose Hernandez,30,MIL,0.2,72,7,-15.7,-3.2,2.6,124,496,446,51,109,75,22,1,11,59,3,7,41,125,6,166,0.244,0.315,0.372,0.687,0.128,0.313,3333333
884,36800,Adam Kennedy,24,ANA,0.2,76,9,-17,2.6,-2.3,156,641,598,82,159,106,33,11,9,72,22,8,28,73,3,241,0.266,0.3,0.403,0.703,0.137,0.288,202500
17552,36800,Jeff Reboulet,36,KCA,0.2,67,11,-8.3,1.3,2.7,66,212,182,29,44,37,7,0,0,14,3,1,23,32,0,51,0.242,0.325,0.28,0.605,0.038,0.291,575000
16766,36800,Dante Bichette,36,BOS,0.2,101,11,0.9,0.2,0,30,122,114,13,33,21,5,0,7,14,0,0,8,22,0,59,0.289,0.336,0.518,0.854,0.228,0.306,7000000
16419,36800,Gerald Williams,33,TBA,0.2,80,10,-14.4,0.2,-6.2,146,682,632,87,173,120,30,2,21,89,12,12,34,103,3,270,0.274,0.312,0.427,0.739,0.153,0.297,2500000
16675,36800,Manny Alexander,29,BOS,0.2,62,10,-9.6,-0.6,4.6,101,209,194,30,41,30,4,3,4,19,2,0,13,41,0,63,0.211,0.261,0.325,0.586,0.113,0.248,612500
17572,36800,Henry Rodriguez,32,CHN,0.2,107,10,4.4,-4.4,-4.7,76,287,259,37,65,31,15,1,18,51,1,2,22,76,3,136,0.251,0.314,0.525,0.839,0.274,0.28,4600000
646,36800,Bubba Trammell,28,TBA,0.2,101,11,1.7,-0.2,-4,66,213,189,19,52,32,11,2,7,33,3,0,21,30,2,88,0.275,0.352,0.466,0.818,0.19,0.294,253000
412,36800,Jose Macias,28,DET,0.2,75,12,-5.4,-0.2,1.4,73,196,173,25,44,34,3,5,2,24,2,0,18,24,1,63,0.254,0.328,0.364,0.692,0.11,0.286,#N/A
28810,36800,Scott Sheldon,31,TEX,0.2,75,14,-3.9,0.8,0.4,58,138,124,21,35,20,11,0,4,19,0,0,10,37,1,58,0.282,0.336,0.468,0.804,0.185,0.365,200000
29172,36800,Luis Sojo,35,NYA,0.2,84,10,-2.2,-0.4,0.5,34,134,125,19,36,26,7,1,2,17,1,0,6,6,0,51,0.288,0.321,0.408,0.729,0.12,0.291,450000
346,36800,Alex Cora,24,LAN,0.2,67,7,-15.7,1.4,-1.4,109,394,353,39,84,56,18,6,4,32,4,1,26,53,7,126,0.238,0.302,0.357,0.658,0.119,0.268,#N/A
91,36800,Keith Lockhart,35,ATL,0.2,74,11,-9.1,-2.2,3.5,113,313,275,32,73,56,12,3,2,32,4,1,29,31,0,97,0.265,0.331,0.353,0.684,0.087,0.289,1000000
669,36800,Travis Lee,25,PHI,0.2,83,8,-3.7,-0.5,3.1,56,223,180,19,43,30,11,1,1,14,3,0,40,33,2,59,0.239,0.381,0.328,0.709,0.089,0.286,500000
17572,36800,Henry Rodriguez,32,FLO,0.2,108,10,2.1,-0.1,-2.9,36,123,108,10,29,21,6,0,2,10,0,0,14,23,1,41,0.269,0.358,0.38,0.737,0.111,0.325,4600000
17191,36800,Butch Huskey,28,MIN,0.2,89,9,-2.3,0.6,0.4,64,245,215,22,48,30,13,0,5,27,0,2,25,49,2,76,0.223,0.306,0.353,0.66,0.13,0.262,500000
243,36800,Joe Girardi,35,CHN,0.2,76,9,-10.8,3,-10.8,106,407,363,47,101,79,15,1,6,40,1,0,32,61,3,136,0.278,0.339,0.375,0.714,0.096,0.318,2000000
1420,36800,Shane Halter,30,DET,0.2,65,11,-11.1,-2.2,7.1,105,265,238,26,62,45,12,2,3,27,5,2,14,49,1,87,0.261,0.302,0.366,0.668,0.105,0.314,236000
17117,36800,Darryl Hamilton,35,NYN,0.2,90,9,-0.9,-0.9,0.3,43,120,105,20,29,23,4,1,1,6,2,0,14,20,0,38,0.276,0.358,0.362,0.72,0.086,0.329,3633333
1311,36800,Brian Daubach,28,BOS,0.2,90,9,-4.4,-1,0.3,142,549,495,55,123,68,32,2,21,76,1,1,44,130,6,222,0.248,0.315,0.448,0.764,0.2,0.293,295000
1229,36800,Gary Matthews,25,CHN,0.1,65,10,-7.4,0.4,3.5,80,175,158,24,30,23,1,2,4,14,3,0,15,28,1,47,0.19,0.264,0.297,0.562,0.108,0.206,#N/A
136,36800,Lenny Harris,35,NYN,0.1,78,12,-3.9,1.9,-0.9,76,157,138,22,42,30,6,3,3,13,8,1,17,17,0,63,0.304,0.381,0.457,0.837,0.152,0.331,1100000
501,36800,Andy Fox,29,FLO,0.1,66,8,-7.5,0.6,1,69,185,164,19,40,31,4,2,3,10,8,3,18,37,3,57,0.244,0.33,0.348,0.677,0.104,0.298,750000
16745,36800,Derek Bell,31,NYN,0.1,94,7,-1,2.4,-12.9,144,622,546,87,145,95,31,1,18,69,8,4,65,125,6,232,0.266,0.348,0.425,0.773,0.159,0.313,5000000
1623,36800,Enrique Wilson,26,CLE,0.1,81,11,-2.6,0.4,-0.8,40,127,117,16,38,27,9,0,2,12,2,1,7,11,0,53,0.325,0.36,0.453,0.813,0.128,0.343,232500
1382,36800,Raul Ibanez,28,SEA,0.1,81,14,-3.2,1,-0.2,92,156,140,21,32,22,8,0,2,15,2,0,14,25,1,46,0.229,0.301,0.329,0.63,0.1,0.263,275000
17215,36800,Brian Johnson,32,KCA,0.1,51,10,-8,-1.1,3.5,37,132,125,9,26,16,6,0,4,18,0,0,4,28,0,44,0.208,0.229,0.352,0.581,0.144,0.232,550000
17110,36800,Tony Gwynn,40,SDN,0.1,99,17,0.8,1.3,-3.6,36,140,127,17,41,28,12,0,1,17,0,1,9,4,1,56,0.323,0.364,0.441,0.805,0.118,0.32,6300000
16918,36800,Felipe Crespo,27,SFN,0.1,91,12,-1,-0.2,-1.6,89,150,131,17,38,27,6,1,4,29,3,2,10,23,4,58,0.29,0.351,0.443,0.794,0.153,0.318,232000
972,36800,Dave Berg,29,FLO,0.1,77,13,-6.3,-1.7,-1.2,82,245,210,23,53,37,14,1,1,21,3,0,25,46,5,72,0.252,0.34,0.343,0.683,0.09,0.311,290000
29172,36800,Luis Sojo,35,PIT,0.1,84,10,-3.1,-3.1,0.2,61,189,176,14,50,34,11,0,5,20,1,0,11,16,1,76,0.284,0.328,0.432,0.76,0.148,0.288,450000
1237,36800,Chris Richard,26,BAL,0.1,112,11,5.1,-1.1,-5.8,56,221,199,38,55,26,14,2,13,36,7,5,15,38,4,112,0.276,0.335,0.563,0.898,0.286,0.278,#N/A
1623,36800,Enrique Wilson,26,PIT,0.1,81,11,-2.7,-0.8,-0.7,40,136,122,11,32,22,6,1,3,15,0,1,11,13,0,49,0.262,0.321,0.402,0.723,0.139,0.271,232500
30015,36800,Andy Tracy,26,MON,0.1,93,11,-0.7,0.9,-5.1,83,218,192,29,50,30,8,1,11,32,1,0,22,61,2,93,0.26,0.339,0.484,0.824,0.224,0.32,#N/A
1417,36800,Robert Fick,26,DET,0.1,83,12,-3.3,-0.6,0.5,66,188,163,18,41,29,7,2,3,22,2,1,22,39,1,61,0.252,0.34,0.374,0.715,0.123,0.309,200000
1325,36800,Rickey Henderson,41,NYN,0.1,96,11,0.1,1.2,-3.7,31,124,96,17,21,20,1,0,0,2,5,2,25,20,2,22,0.219,0.387,0.229,0.616,0.01,0.273,2000000
109,36800,B.J. Surhoff,35,ATL,0.1,100,10,0.9,-0.7,-3.1,44,143,128,13,37,25,9,2,1,11,3,0,12,12,1,53,0.289,0.352,0.414,0.766,0.125,0.31,4333333
419,36800,Brian Schneider,23,MON,0.1,50,11,-7.7,-0.6,2.7,45,123,115,6,27,21,6,0,0,11,0,1,7,24,0,33,0.235,0.276,0.287,0.563,0.052,0.293,#N/A
17192,36800,Jeff Huson,35,CHN,0,63,10,-6.3,1.9,-0.4,70,144,130,19,28,20,7,1,0,11,2,1,13,9,0,37,0.215,0.287,0.285,0.571,0.069,0.231,300000
355,36800,Mark Grudzielanek,30,LAN,0,84,8,-10.6,1.5,-10.8,148,676,617,101,172,124,35,6,7,49,12,3,45,81,9,240,0.279,0.335,0.389,0.724,0.11,0.31,3000000
664,36800,Jeremy Giambi,25,OAK,0,95,13,0,-1.2,-3.9,104,302,260,42,66,44,10,2,10,50,0,0,32,61,3,110,0.254,0.338,0.423,0.761,0.169,0.29,228000
1165,36800,Mark McLemore,35,SEA,0,85,8,-8,-1,-7.8,138,578,481,72,118,91,23,1,3,46,30,14,81,78,1,152,0.245,0.353,0.316,0.669,0.071,0.285,2250000
16665,36800,Kurt Abbott,31,NYN,0,70,15,-6,1.3,-2.2,79,173,157,22,34,20,7,1,6,12,1,1,14,51,1,61,0.217,0.283,0.389,0.672,0.172,0.277,500000
71,36800,Matt Franco,30,NYN,0,90,8,-1.2,-1.6,-1.3,101,157,134,9,32,26,4,0,2,14,0,0,21,22,0,42,0.239,0.34,0.313,0.653,0.075,0.27,462500
61,36800,Vinny Castilla,32,TBA,0,54,11,-20,-3,10.2,85,354,331,22,73,57,9,1,6,42,1,2,14,41,3,102,0.221,0.254,0.308,0.562,0.088,0.231,6250000
29029,36800,Bobby Smith,26,TBA,0,64,10,-8.4,1.7,0.7,49,191,175,21,41,27,8,0,6,26,2,2,14,59,1,67,0.234,0.293,0.383,0.676,0.149,0.315,237500
668,36800,Ricky Ledee,26,NYA,0,80,8,-4.7,-0.9,0.4,62,220,191,23,46,27,11,1,7,31,7,3,26,39,1,80,0.241,0.332,0.419,0.751,0.178,0.265,240000
10966,36800,Mike Mordecai,32,MON,0,81,10,-3.6,1.4,-4.8,86,183,169,20,48,28,16,0,4,16,2,2,12,34,1,76,0.284,0.335,0.45,0.785,0.166,0.336,350000
16945,36800,Russ Davis,30,SFN,0,93,11,-0.5,-1,-4.9,80,192,180,27,47,33,5,0,9,24,0,3,9,29,2,79,0.261,0.302,0.439,0.741,0.178,0.266,1000000
468,36800,Reggie Sanders,32,ATL,0,78,10,-9.3,3.4,-3.3,103,377,340,43,79,44,23,1,11,37,21,4,32,78,2,137,0.232,0.302,0.403,0.705,0.171,0.271,3700000
16713,36800,Harold Baines,41,BAL,0,96,13,0.2,-3.8,0,72,252,222,24,59,41,8,0,10,30,0,0,29,39,0,97,0.266,0.349,0.437,0.786,0.171,0.282,2000000
1459,36800,Matt Walbeck,30,ANA,-0.1,63,14,-6.9,1.5,-2.8,47,155,146,17,29,18,5,0,6,12,0,1,7,22,1,52,0.199,0.24,0.356,0.596,0.158,0.195,925000
17203,36800,Stan Javier,36,SEA,-0.1,84,10,-6.4,1.2,-4.5,105,392,342,61,94,66,18,5,5,40,4,3,42,64,0,137,0.275,0.351,0.401,0.751,0.126,0.321,1500000
434,36800,David Bell,27,SEA,-0.1,84,9,-8.2,-1.6,-8.1,133,512,454,57,112,75,24,2,11,47,2,3,42,66,6,173,0.247,0.316,0.381,0.697,0.134,0.265,1175000
27551,36800,Luis Polonia,36,DET,-0.1,87,7,-3.4,-1.5,-0.3,80,298,267,37,73,52,10,5,6,25,8,5,22,25,1,111,0.273,0.325,0.416,0.741,0.142,0.278,1100000
668,36800,Ricky Ledee,26,TEX,-0.1,80,8,-5.2,0.4,-1.2,58,240,213,23,50,37,6,3,4,38,6,3,25,50,1,74,0.235,0.317,0.347,0.664,0.113,0.288,240000
22,36800,Brian L. Hunter,29,COL,-0.1,63,10,-10.2,4.4,-2,72,226,200,36,55,49,4,1,1,13,15,3,21,31,1,64,0.275,0.347,0.32,0.667,0.045,0.321,300000
849,36800,Juan Pierre,22,COL,-0.1,73,11,-6.8,-0.2,-1.4,51,219,200,26,62,60,2,0,0,20,7,6,13,15,1,64,0.31,0.353,0.32,0.673,0.01,0.333,#N/A
1540,36800,Mark Johnson,24,CHA,-0.1,69,8,-9.1,0.7,-5.2,75,251,213,29,48,34,11,0,3,23,3,2,27,40,1,68,0.225,0.315,0.319,0.635,0.094,0.265,#N/A
440,36800,Shawon Dunston,37,SLN,-0.1,74,11,-6.9,-1.9,1.7,98,231,216,28,54,29,11,2,12,43,3,1,6,47,3,105,0.25,0.278,0.486,0.764,0.236,0.264,600000
9906,36800,Al Martin,32,SDN,-0.1,96,8,0.4,-1,-9.5,93,378,346,62,106,76,13,6,11,27,6,8,28,54,2,164,0.306,0.36,0.474,0.834,0.168,0.336,1750000
343,36800,Jolbert Cabrera,27,CLE,-0.1,69,11,-6.7,-0.3,0,100,187,175,27,44,38,3,1,2,15,6,4,8,15,2,55,0.251,0.29,0.314,0.605,0.063,0.264,#N/A
1228,36800,Luis Matos,21,BAL,-0.1,61,9,-9.6,0.8,1.4,72,201,182,21,41,31,6,3,1,17,13,4,12,30,3,56,0.225,0.281,0.308,0.589,0.082,0.261,#N/A
16810,36800,Emil Brown,25,PIT,-0.1,66,14,-5.5,0.6,0.1,50,135,119,13,26,18,5,0,3,16,3,1,11,34,3,40,0.218,0.299,0.336,0.635,0.118,0.277,#N/A
1489,36800,Matthew Lecroy,24,MIN,-0.1,72,14,-6.2,-1.4,-2.9,56,190,167,18,29,14,10,0,5,17,0,0,17,38,2,54,0.174,0.254,0.323,0.577,0.15,0.189,#N/A
114,36800,Paul Bako,28,FLO,-0.1,59,10,-9.3,-0.1,-1.5,56,186,161,10,39,32,6,1,0,14,0,0,22,48,1,47,0.242,0.335,0.292,0.627,0.05,0.342,275000
17541,36800,Alex Ramirez,25,PIT,-0.1,74,13,-3.6,0.7,-1.3,43,123,115,13,24,13,6,1,4,18,1,0,7,32,0,44,0.209,0.254,0.383,0.637,0.174,0.253,217500
17419,36800,Hal Morris,35,DET,-0.2,91,9,-0.7,0.6,-3.1,40,126,106,15,33,25,7,0,1,8,0,0,19,16,0,43,0.311,0.416,0.406,0.822,0.094,0.36,500000
1049,36800,Aubrey Huff,23,TBA,-0.2,83,16,-2.2,-1.4,-2.8,39,129,122,12,35,24,7,0,4,14,0,0,5,18,1,54,0.287,0.318,0.443,0.76,0.156,0.307,#N/A
1367,36800,Carlos Febles,24,KCA,-0.2,75,8,-11,1.3,-4,100,399,339,59,87,72,12,1,2,29,17,6,36,48,10,107,0.257,0.345,0.316,0.66,0.059,0.293,250000
17089,36800,Scarborough Green,26,TEX,-0.2,50,14,-8.7,-1.9,4.3,79,139,124,21,29,27,1,1,0,9,10,6,10,26,0,32,0.234,0.291,0.258,0.549,0.024,0.296,#N/A
473,36800,J.T. Snow,32,SFN,-0.2,104,9,7.6,-7.5,-9.3,155,627,536,82,152,98,33,2,19,96,1,3,66,129,11,246,0.284,0.365,0.459,0.824,0.175,0.331,4750000
17656,36800,Mark Smith,30,FLO,-0.2,73,14,-6.4,0.2,-0.9,104,213,192,22,47,33,8,1,5,27,2,0,17,54,2,72,0.245,0.31,0.375,0.685,0.13,0.311,#N/A
953,36800,Greg Myers,34,BAL,-0.2,63,12,-5.9,0.5,-2.3,43,134,125,9,28,19,6,0,3,12,0,0,8,29,0,43,0.224,0.271,0.344,0.615,0.12,0.269,1200000
1580,36800,Ron Coomer,33,MIN,-0.2,87,9,-7.2,1,-3.1,140,589,544,64,147,101,29,1,16,82,2,0,36,50,4,226,0.27,0.317,0.415,0.733,0.145,0.271,1500000
2172,36800,Bruce Aven,28,PIT,-0.2,73,16,-4.7,-0.3,-1.3,72,153,148,18,37,21,11,0,5,25,2,3,5,31,0,63,0.25,0.275,0.426,0.7,0.176,0.286,320000
17226,36800,Terry Jones,29,MON,-0.2,51,8,-11.1,2.5,1.2,108,181,168,30,42,32,8,2,0,13,7,2,10,32,0,54,0.25,0.292,0.321,0.614,0.071,0.309,225000
1335,36800,Lou Merloni,29,BOS,-0.2,63,10,-6.3,-1.3,0.2,40,139,128,10,41,28,11,2,0,18,1,0,4,22,1,56,0.32,0.341,0.438,0.778,0.117,0.38,#N/A
1465,36800,Jay Canizaro,26,MIN,-0.2,81,11,-7.2,0.1,-6.4,102,371,346,43,93,64,21,1,7,40,4,2,24,57,1,137,0.269,0.318,0.396,0.714,0.127,0.305,205000
16695,36800,Alex Arias,32,PHI,-0.2,61,9,-8.6,0.1,-1.7,70,180,155,17,29,18,9,0,2,15,1,0,16,28,3,44,0.187,0.271,0.284,0.555,0.097,0.211,550000
386,36800,Michael Barrett,23,MON,-0.2,58,9,-15.2,1.8,-1.1,89,297,271,28,58,41,15,1,1,22,0,1,23,35,1,78,0.214,0.277,0.288,0.565,0.074,0.242,265000
17268,36800,Mike Lansing,32,BOS,-0.3,64,9,-6.5,0.7,-1.4,49,148,139,10,27,23,4,0,0,13,0,0,7,26,0,31,0.194,0.23,0.223,0.453,0.029,0.235,6250000
1433,36800,Wendell Magee,27,DET,-0.3,84,12,-3.1,0.4,-4.4,91,197,186,31,51,38,4,2,7,31,1,0,10,28,0,80,0.274,0.31,0.43,0.74,0.156,0.289,205000
16723,36800,Kevin Barker,24,MIL,-0.3,91,12,-0.8,-0.7,-2.8,40,122,100,14,22,15,5,0,2,9,1,0,20,21,1,33,0.22,0.352,0.33,0.682,0.11,0.256,205000
17177,36800,Thomas Howard,35,SLN,-0.3,71,9,-4.7,-0.2,-1.4,86,141,133,13,28,17,4,1,6,28,1,0,7,34,1,52,0.211,0.255,0.391,0.646,0.18,0.237,650000
1040,36800,John Flaherty,32,TBA,-0.3,77,8,-10.8,-6.3,-7.1,109,418,394,36,103,78,15,0,10,39,0,0,20,57,0,148,0.261,0.296,0.376,0.671,0.114,0.283,2947410
1224,36800,Luis Lopez,29,MIL,-0.3,75,10,-6.3,-1.2,-4.5,78,225,201,24,53,33,14,0,6,27,1,2,9,35,5,85,0.264,0.309,0.423,0.732,0.159,0.29,387500
570,36800,Rey Ordonez,29,NYN,-0.3,64,11,-6.8,-1,-2.4,45,155,133,10,25,20,5,0,0,9,0,0,17,16,0,30,0.188,0.278,0.226,0.504,0.038,0.212,2250000
17286,36800,Darren Lewis,32,BOS,-0.3,67,9,-11.8,-0.9,1.6,97,303,270,44,65,51,12,0,2,17,10,5,22,34,3,83,0.241,0.305,0.307,0.612,0.067,0.269,2400000
568,36800,Joe McEwing,27,NYN,-0.3,52,12,-10,2.2,-0.6,87,169,153,20,34,17,14,1,2,19,3,1,5,29,1,56,0.222,0.248,0.366,0.614,0.144,0.258,250000
17628,36800,Fernando Seguignol,25,MON,-0.3,98,14,0.5,-2,-4.9,76,175,162,22,45,27,8,0,10,22,0,1,9,46,3,83,0.278,0.326,0.512,0.838,0.235,0.327,#N/A
17444,36800,Jose Nieves,25,CHN,-0.3,57,13,-11.2,-0.2,0,82,213,198,17,42,28,6,3,5,24,1,1,11,43,0,69,0.212,0.251,0.348,0.6,0.136,0.243,217500
525,36800,Mike Redmond,29,FLO,-0.3,68,9,-8.8,1.7,-8.2,87,235,210,17,53,44,8,1,0,15,0,0,13,19,8,63,0.252,0.316,0.3,0.616,0.048,0.273,245000
847,36800,Ben Petrick,23,COL,-0.3,90,11,-1.3,1.7,-12.5,52,173,146,32,47,33,10,1,3,20,1,2,20,33,2,68,0.322,0.401,0.466,0.867,0.144,0.386,#N/A
17287,36800,Mark Lewis,30,BAL,-0.4,69,11,-6.6,-3.3,-0.2,71,178,163,19,44,25,17,0,2,21,7,2,12,31,1,67,0.27,0.322,0.411,0.733,0.141,0.321,600000
761,36800,Juan Castro,28,CIN,-0.4,61,12,-11.5,-0.1,-2.3,82,244,224,20,54,36,12,2,4,23,0,2,14,33,0,82,0.241,0.283,0.366,0.649,0.125,0.265,400000
1078,36800,Milton Bradley,22,MON,-0.4,59,12,-8.5,-1.2,-0.3,42,171,154,20,34,23,8,1,2,15,2,1,14,32,1,50,0.221,0.288,0.325,0.613,0.104,0.264,#N/A
17627,36800,Kevin Sefcik,29,PHI,-0.4,62,13,-7.8,-1,-0.5,99,171,153,15,36,28,6,2,0,10,4,2,13,19,2,46,0.235,0.3,0.301,0.601,0.065,0.265,475000
30701,36800,Devon White,37,LAN,-0.4,78,12,-4.1,-0.8,-5.1,47,168,158,26,42,32,5,1,4,13,3,6,9,30,1,61,0.266,0.31,0.386,0.696,0.12,0.306,4000000
844,36800,Greg Norton,27,CHA,-0.4,80,11,-4.9,0.6,-6.8,71,231,201,25,49,36,6,1,6,28,1,0,26,47,2,75,0.244,0.333,0.373,0.706,0.129,0.287,285000
946,36800,John Mabry,29,SDN,-0.4,69,12,-4.8,-1.9,-0.6,48,129,123,17,28,13,8,0,7,25,0,0,5,38,0,57,0.228,0.256,0.463,0.719,0.236,0.266,1850000
48,36800,Jose Vizcaino,32,NYA,-0.4,63,11,-8.5,-1,-1.2,73,191,174,23,48,39,8,1,0,10,5,7,12,28,0,58,0.276,0.319,0.333,0.652,0.057,0.324,3500000
17412,36800,Mickey Morandini,34,PHI,-0.4,65,8,-14.2,1.8,-2.6,91,341,302,31,76,60,13,3,0,22,5,2,29,54,4,95,0.252,0.324,0.315,0.639,0.063,0.305,750000
167,36800,Miguel Cairo,26,TBA,-0.5,72,10,-13.3,5.3,-9.2,119,417,375,49,98,77,18,2,1,34,28,7,29,34,2,123,0.261,0.314,0.328,0.642,0.067,0.281,295000
469,36800,Benito Santiago,35,CIN,-0.5,78,11,-6.8,0.1,-11.9,89,277,252,22,66,46,11,1,8,45,2,2,19,45,1,103,0.262,0.31,0.409,0.719,0.147,0.284,1000000
30258,36800,Wilton Veras,22,BOS,-0.5,57,11,-9.4,-0.6,-1.7,49,179,164,21,40,32,7,1,0,14,0,0,7,20,2,49,0.244,0.278,0.299,0.577,0.055,0.272,#N/A
17610,36800,F.P. Santangelo,32,LAN,-0.5,67,15,-6.9,-0.6,-3.5,81,177,142,19,28,23,4,0,1,9,3,2,21,33,6,35,0.197,0.322,0.246,0.568,0.049,0.245,750000
734,36800,Aramis Ramirez,22,PIT,-0.5,76,12,-7.5,-0.6,-7.2,73,274,254,19,65,42,15,2,6,35,0,0,10,36,5,102,0.256,0.293,0.402,0.695,0.146,0.273,230000
354,36800,Marquis Grissom,33,MIL,-0.5,74,8,-19.2,2.5,-11.1,146,640,595,67,145,111,18,2,14,62,20,10,39,99,0,209,0.244,0.288,0.351,0.64,0.108,0.27,5000000
1203,36800,Marty Cordova,30,TOR,-0.5,78,12,-5.2,0.5,-5.5,62,221,200,23,49,38,7,0,4,18,3,2,18,35,3,68,0.245,0.317,0.34,0.657,0.095,0.28,500000
403,36800,Wilton Guerrero,25,MON,-0.6,59,9,-15.7,1.4,0.4,127,314,288,30,77,66,7,2,2,23,8,1,19,41,0,94,0.267,0.312,0.326,0.638,0.059,0.305,825000
652,36800,Marlon Anderson,26,PHI,-0.6,56,10,-9.3,-0.7,-1.4,41,174,162,10,37,27,8,1,1,15,2,2,12,22,0,50,0.228,0.282,0.309,0.59,0.08,0.259,#N/A
1528,36800,Royce Clayton,30,TEX,-0.6,73,9,-17.6,-1.2,-13.8,148,573,513,70,124,84,21,5,14,54,11,7,42,92,3,197,0.242,0.301,0.384,0.685,0.142,0.268,4500000
17150,36800,Carlos Hernandez,33,SDN,-0.6,78,11,-5,-2.4,-9.5,58,212,191,16,48,35,11,0,2,25,1,3,16,26,3,65,0.251,0.316,0.34,0.656,0.089,0.279,1750000
17228,36800,Kevin Jordan,30,PHI,-0.6,57,10,-18.8,-0.4,1.7,109,358,337,30,74,51,16,2,5,36,0,1,17,41,1,109,0.22,0.257,0.323,0.58,0.104,0.235,1000000
60,36800,Darren Bragg,30,COL,-0.6,62,15,-7.7,-0.5,-2.6,71,169,149,16,33,22,7,1,3,21,4,1,17,41,0,51,0.221,0.296,0.342,0.638,0.121,0.278,750000
16782,36800,Bobby Bonilla,37,ATL,-0.6,98,11,0.8,0.9,-15.3,114,278,239,23,61,40,13,3,5,28,0,0,37,51,1,95,0.255,0.356,0.397,0.754,0.142,0.304,200000
16804,36800,Rico Brogna,30,PHI,-0.7,56,13,-7.5,-0.7,-0.7,38,139,129,12,32,17,14,0,1,13,1,0,7,28,2,49,0.248,0.295,0.38,0.675,0.132,0.307,4200000
502,36800,Alex Gonzalez,23,FLO,-0.7,45,8,-28.2,0.3,1.8,109,407,385,35,77,49,17,4,7,42,7,1,13,77,2,123,0.2,0.229,0.319,0.548,0.119,0.231,3025000
387,36800,Peter Bergeron,22,MON,-0.7,63,7,-26.4,1,-1.2,148,592,518,80,127,90,25,7,5,31,11,13,58,100,0,181,0.245,0.32,0.349,0.669,0.104,0.294,201500
16663,36800,Jeff Abbott,27,CHA,-0.7,69,12,-8.6,1.5,-7.4,80,241,215,31,59,40,15,1,3,29,2,1,21,38,2,85,0.274,0.343,0.395,0.738,0.121,0.32,255000
1503,36800,Tom Prince,35,PHI,-0.8,69,19,-5.1,0.1,-10.2,46,140,122,14,29,18,9,0,2,16,1,0,13,31,2,44,0.238,0.321,0.361,0.682,0.123,0.303,300000
258,36800,Fred McGriff,36,TBA,-0.8,115,10,18,-2,-32,158,664,566,82,157,112,18,0,27,106,2,0,91,120,0,256,0.277,0.373,0.452,0.826,0.175,0.305,6250000
752,36800,Kevin Young,31,PIT,-0.8,87,10,-6.1,0.7,-9.2,132,541,496,77,128,81,27,0,20,88,8,3,32,96,8,215,0.258,0.311,0.433,0.744,0.175,0.281,5625000
494,36800,Homer Bush,27,TOR,-0.8,48,9,-21.4,-0.4,3.6,76,325,297,38,64,55,8,0,1,18,9,4,18,60,5,75,0.215,0.271,0.253,0.524,0.037,0.266,1450000
681,36800,Tomas Perez,26,PHI,-0.8,53,10,-9,-0.7,-6,45,152,140,17,31,22,7,1,1,13,1,1,11,30,0,43,0.221,0.278,0.307,0.585,0.086,0.275,#N/A
29717,36800,Eddie Taubensee,31,CIN,-0.8,74,10,-8.5,-1.1,-13.7,81,291,266,29,71,53,12,0,6,24,0,0,21,44,2,101,0.267,0.324,0.38,0.704,0.113,0.3,1400000
396,36800,Wil Cordero,28,PIT,-1.2,96,9,0.5,-3.1,-19.2,89,378,348,46,98,55,24,3,16,51,1,2,25,58,4,176,0.282,0.336,0.506,0.842,0.224,0.298,#N/A
16984,36800,Todd Dunwoody,25,KCA,-1.3,46,8,-13.2,-0.8,-4.2,61,195,178,12,37,27,9,0,1,23,3,0,8,42,1,49,0.208,0.238,0.275,0.514,0.067,0.255,232500
17268,36800,Mike Lansing,32,COL,-1.3,64,9,-17.3,-2.4,-5.9,90,400,365,62,94,63,14,6,11,47,8,2,31,49,0,153,0.258,0.315,0.419,0.734,0.162,0.271,6250000
